"标准部门",科目(原),科目(内),科目(外),班级编码,班级名称（外）,班级名称（内）,班级类型名称,班级课次数,总课次,班级时长,实际时长,单次课时长,教材费,产品品类,产品品类(原),产品体系(原),产品体系,课程产品名称,课程产品名称(外),合班状态,合班详情,续班类型,年级(原),年级序数,年级(外),班级标价,主带课老师,关联班号,季度,季度(外),班级状态,开课日期,实际开课日期,班级审核状态,上课形式,授课方式,授课方式(原),授课渠道,最大人数,设班日期,上课时间(外),教材发放形式,实际结课日期,当前人数(占名额),最小发薪部门,上课地点(外),上课教室,考勤方式,班容名称,管理项目,校区名称,结课日期,保底人数,开班人数,课程名称
"国外考试部",全科,"阅读,写作,词汇,听力,口语",,TZZ2707,托福直通车中级提高班（新）,托福直通车中级提高班（FY26）,TOEFL直通车,60,60,7200,7200,120.0,60.00,TOEFL,TOEFL,常规体系,常规体系,托福直通车中级提高班,托福直通车中级提高班,否,,可续,,,,23800.00,蔡蓓(036158),,"春季,暑假,秋季,寒假",,正常,2026-09-13,2026-09-13,已审核,"走读,在线","常规面授,在线直播",在线直播,云教室小班（25人以下）,0,2026-08-07,"秋季周日上午08:00-10:00,10:10-12:10，寒假集中上课","有教材,开课前领取",2027-02-04,0,国外考试部,芙蓉广场教学区,芙蓉广场16-A11教室,班级刷卡,6人,国外考试部,芙蓉广场教学区,2027-02-04,3,4,
"国外考试部",全科,"阅读,写作,词汇,听力,口语,语法",,MSZ2746,雅思直通车中级课程（Pro）,雅思直通车中级课程（FY26Q2）,IELTS直通车,48,48,5760,5760,120.0,436.00,IELTS,IELTS,常规体系,常规体系,雅思直通车中级课程,雅思直通车中级课程,否,,可续,,,,19800.00,罗琬仪(273952),,"春季,暑假,秋季,寒假",,正常,2026-09-12,2026-09-12,已审核,"走读,在线","常规面授,在线直播",在线直播,云教室小班（25人以下）,6,2026-08-07,"周六13:30-15:30,15:40-17:40，寒假集中上课
","有教材,开课前领取",2027-01-29,5,国外考试部,芙蓉广场教学区,芙蓉广场16-A1教室,班级刷卡,6人,国外考试部,芙蓉广场教学区,2027-01-29,3,4,
"国外考试部",全科,"阅读,写作,词汇,听力,口语,语法",,MSZ2747,雅思直通车中级课程（Pro）,雅思直通车中级课程（FY26Q2）,IELTS直通车,48,48,5760,5760,120.0,436.00,IELTS,IELTS,常规体系,常规体系,雅思直通车中级课程,雅思直通车中级课程,否,,可续,,,,19800.00,罗琬仪(273952),,"春季,暑假,秋季,寒假",,正常,2026-10-25,2026-10-25,已审核,"走读,在线","常规面授,在线直播",在线直播,云教室小班（25人以下）,0,2026-08-23,"每周日13:30-15:30, 15:40-17:40，寒假集中上课","有教材,开课前领取",2027-02-04,0,国外考试部,芙蓉广场教学区,芙蓉广场16-A5教室,班级刷卡,6人,国外考试部,芙蓉广场教学区,2027-02-04,3,4,
"国外考试部",全科,"阅读,写作,词汇,听力,口语,语法",,YSY2732,雅思预备班,雅思预备班（FY26）,IELTS直通车,48,48,5760,5760,120.0,158.00,IELTS,IELTS,常规体系,常规体系,雅思预备班,雅思预备班,否,,可续,,,,15800.00,冯佳晨(705240),,"春季,暑假,秋季,寒假",,正常,2026-09-13,2026-09-13,已审核,"走读,在线","常规面授,在线直播",在线直播,云教室小班（25人以下）,9,2026-08-01,"周日08:00-10:00,10:10-12:10，寒假集中上课","有教材,开课前领取",2027-01-29,1,国外考试部,芙蓉,芙蓉广场16-A10教室,班级刷卡,6人,国外考试部,芙蓉广场教学区,2027-01-29,3,4,
"国外考试部",全科,"阅读,写作,听力,口语,综合能力,听口能力,综合听说,综合读写",,CY2702,成人英语服务卡课程（FY26）,成人英语服务卡课程（FY26）,非标班型（英联邦）,30,30,3600,3600,120.0,"	0.00",非标项目,非标项目,专项体系,专项体系,成人英语服务卡课程,成人英语服务卡课程,否,,可续,,,,12300.00,,,"春季,暑假,秋季,寒假",,正常,2026-09-26,2026-09-26,已审核,"走读,在线","常规面授,在线直播",在线直播,云教室小班（25人以下）,10,2026-08-30,详见课表,无教材,2027-01-06,0,国外考试部,八方,八方306教室,班级刷卡,6人,国外考试部,八方24品教学区,2027-01-06,3,4,
"国外考试部",全科,"阅读,写作,听力,口语",,FB2703,雅思大学生封闭营费用(送北京GRE集训营),雅思大学生封闭营费用,IELTS直通车,1,1,60,60,60.0,"	0.00",JF6,JF6,计费体系,计费体系,雅思大学生封闭营费用,雅思大学生封闭营费用,否,,,,,,19800.00,,,暑假,,正常,2026-08-25,2026-08-25,已审核,住宿,集训营,住宿班,,1,2026-08-07,待定,无教材,2026-08-25,1,国外考试部,天马教学区,天马07教室,不使用一卡通,25人,国外考试部,天马教学区,2026-08-25,13,14,
"国外考试部",全科,"阅读,写作,听力,口语",,YZG2743A,雅思大学生直通车高级班（A）,雅思大学生直通车高级班（FY26-A）,IELTS直通车,32,48,3840,3840,120.0,"	0.00",IELTS,IELTS,常规体系,常规体系,雅思大学生直通车高级班,雅思大学生直通车高级班,否,,可续,,,,12800.00,张淼依(246195),,暑假,,正常,2026-08-12,2026-08-12,已审核,"走读,在线","常规面授,在线直播",在线直播,云教室小班（25人以下）,10,2026-08-04,"周一至周六08:00-10:00,10:10-12:10,13:30-15:30","有教材,开课前领取",2026-08-29,10,国外考试部,天马教学区,天马07教室,班级刷卡,6人,国外考试部,天马教学区,2026-08-29,4,5,
"国外考试部",全科,"阅读,写作,听力,口语",,YZG2748B,雅思大学生直通车高级班（B）,雅思大学生直通车高级班（FY26-B）,IELTS直通车,32,48,3840,3840,120.0,"	0.00",IELTS,IELTS,常规体系,常规体系,雅思大学生直通车高级班,雅思大学生直通车高级班,否,,可续,,,,12800.00,周映宏(623672),,暑假,,正常,2026-08-24,2026-08-24,已审核,"走读,在线","常规面授,在线直播",在线直播,云教室小班（25人以下）,10,2026-08-06,"周一至周六08:00-10:00,10:10-12:10,13:30-15:30","有教材,开课前领取",2026-09-10,10,国外考试部,芙蓉广场教学区,芙蓉广场16-A3教室,班级刷卡,6人,国外考试部,芙蓉广场教学区,2026-09-10,4,5,
"国外考试部",全科,"AMC10,AMC12",,AMC2701,AMC课程（AMC10）,AMC课程（AMC8）,非标班型（英联邦）,10,10,1200,1200,120.0,"	0.00",学术课程,学术课程,常规体系,常规体系,AMC课程,AMC课程,否,,可续,,,,4980.00,潘志杰(400685),,暑假,,正常,2026-08-27,2026-08-27,已审核,"走读,在线","常规面授,在线直播",在线直播,云教室小班（25人以下）,10,2026-08-10,8.27-8.29下午13:30-15:30上课，秋季每周五18:30-20:30,无教材,2026-09-27,4,国外考试部,芙蓉广场教学区,芙蓉广场16-A11教室,班级刷卡,6人,国外考试部,芙蓉广场教学区,2026-09-27,3,4,
"国外考试部",全科,"阅读,写作,听力,口语",,FD2704,英联邦非标课程（芙蓉校区口语陪练）,英联邦非标课程（校区口语陪练）,非标班型（英联邦）,80,80,9600,9600,120.0,"	0.00",非标项目,非标项目,专项体系,专项体系,英联邦非标课程,英联邦非标课程,否,,可续,,,,6400.00,,,暑假,,正常,2026-08-24,2026-08-24,已审核,"走读,在线","常规面授,在线直播",在线直播,云教室精品班（25人以上）,40,2026-08-20,待定,无教材,2026-11-11,4,国外考试部,芙蓉广场教学区,芙蓉广场16-B3教室,班级刷卡,40人以上,国外考试部,芙蓉广场教学区,2026-11-11,12,21,
"国外考试部",全科,"阅读,写作,听力,口语",,FD2705,英联邦非标课程（大学校区口语陪练）,英联邦非标课程（校区口语陪练）,非标班型（英联邦）,80,319,9600,9600,120.0,"	0.00",非标项目,非标项目,专项体系,专项体系,英联邦非标课程,英联邦非标课程,否,,可续,,,,6400.00,,,暑假,,正常,2026-08-24,2026-08-24,已审核,"走读,在线","常规面授,在线直播",在线直播,云教室精品班（25人以上）,40,2026-08-22,见课表,无教材,2027-08-26,2,国外考试部,天马,天马五楼VIP3教室（虚拟）,班级刷卡,40人以上,国外考试部,天马教学区,2027-08-26,12,21,
"国外考试部",全科,"阅读,写作,听力,口语",,GYBF3004C,Global Primary外语3C,Global Primary外语3B 上（FY26）,Global Primary 英语,8,8,960,960,120.0,120.00,国际教育,国际教育,常规体系,常规体系,Global Primary外语3B 上,Global Primary外语3B 上,否,,可续,,,,3300.00,朱茜(412241),,"春季,暑假,秋季,寒假",,正常,2027-01-10,2027-01-10,已审核,"走读,在线","常规面授,在线直播",在线直播,云教室小班（25人以下）,6,2026-08-21,"	
春秋每周日10:30~12:30，寒暑假集中上课","有教材,开课前领取",2027-02-28,5,国际教育青少部,"八方24品 ",八方205教室,班级刷卡,6人,国外考试部,八方24品教学区,2027-02-28,3,4,
"国外考试部",全科,"阅读,写作,听力,口语",,GYBF3004B,Global Primary外语3B,Global Primary外语3A 下（FY26）,Global Primary 英语,16,16,1920,1920,120.0,120.00,国际教育,国际教育,常规体系,常规体系,Global Primary外语3A 下,Global Primary外语3A 下,否,,可续,,,,6600.00,朱茜(412241),,"春季,暑假,秋季,寒假",,正常,2026-09-13,2026-09-13,已审核,"走读,在线","常规面授,在线直播",在线直播,云教室小班（25人以下）,6,2026-08-21,春秋每周日10:30~12:30，寒暑假集中上课,"有教材,开课前领取",2027-01-03,5,国际教育青少部,八方24品,八方308教室,班级刷卡,6人,国外考试部,八方24品教学区,2027-01-03,3,4,
"国外考试部",全科,"阅读,写作,听力,口语",,GYBF3004D,Global Primary外语3D,Global Primary外语3B 下（FY26）,Global Primary 英语,16,16,1920,1920,120.0,120.00,国际教育,国际教育,常规体系,常规体系,Global Primary外语3B 下,Global Primary外语3B 下,否,,可续,,,,6600.00,朱茜(412241),,"春季,暑假,秋季,寒假",,正常,2027-03-07,2027-03-07,已审核,"走读,在线","常规面授,在线直播",在线直播,云教室小班（25人以下）,6,2026-08-21,春秋每周日10:30~12:30，寒暑假集中上课,"有教材,开课前领取",2027-06-27,5,国际教育青少部,八方24品,八方204教室,班级刷卡,6人,国外考试部,八方24品教学区,2027-06-27,3,4,
"国外考试部",英语,英语,,GYSY01033B,Global Primary 英语 Prep 1B（Prep 1B）,Global Primary 英语 Prep 1B（Prep 1B）,Global Primary 英语,48,48,2880,2880,60.0,120.00,国际教育,国际教育,常规体系,常规体系,Global Primary 英语 Prep 1B,Global Primary 英语 Prep 1B,否,,可续,,,,9900.00,唐茜(660071),,"春季,暑假,秋季,寒假",,正常,2027-03-14,2027-03-14,已审核,"走读,在线","常规面授,在线直播",在线直播,云教室小班（25人以下）,3,2026-08-22,"	
春秋季周日16:00-18:00，寒暑假集中上课","有教材,开课前领取",2027-08-28,0,国际教育青少部,"芙蓉广场 ",芙蓉广场5-09教室,班级刷卡,6人,国外考试部,芙蓉广场教学区,2027-08-28,3,4,
"素养智学部",书法,书法,书法,XZ127B0025B,素质成长营（写字1）（秋）,S3书法秋季下ZT1班,通用,12,12,1080,1080,90.0,"	0.00",ZT1,ZT1,专项体系,专项体系,S3书法秋季下ZT1班,S3书法秋季下ZT1班,否,,不可续,S3,S3,S3,1170.00,朱庆香(342027),XZ127B0025A,秋季下,秋季下,正常,2026-10-17,2026-10-17,已审核,走读,常规面授,常规面授,,15,2026-08-19,周六10:40-12:10,"有教材,开课前领取",2027-01-02,8,素养素质(智学),西子花苑旗舰店309教室,西子花苑旗舰店309教室,班级刷卡,12人,素质,西子花苑旗舰店教学区,2027-01-02,7,8,书法1
"素养智学部",书法,书法,书法,XZ127B0025A,素质成长营（写字1）（秋）,S3书法秋季上ZT1班,通用,4,4,360,360,90.0,"	0.00",ZT1,ZT1,专项体系,专项体系,S3书法秋季上ZT1班,S3书法秋季上ZT1班,否,,不可续,S3,S3,S3,390.00,朱庆香(342027),XZ127B0025B,秋季上,秋季上,正常,2026-09-12,2026-09-12,已审核,走读,常规面授,常规面授,,15,2026-08-19,周六10:40-12:10,"有教材,开课前领取",2026-10-07,8,素养素质(智学),西子花苑旗舰店309教室,西子花苑旗舰店309教室,班级刷卡,12人,素质,西子花苑旗舰店教学区,2026-10-07,7,8,书法1
"素养智学部",脑力与思维,脑力与思维,脑力与思维,SW276B0009,（取消）SX秋季毕业指导专项6,六年级脑力与思维秋季ZT1班,通用,10,10,1200,1200,120.0,"	0.00",ZT1,ZT1,专项体系,专项体系,六年级脑力与思维秋季ZT1班,六年级脑力与思维秋季专题班,否,,不可续,六年级(小学),六年级,六年级,1200.00,欧阳忆希(417573),,秋季,秋季,正常,2026-10-16,2026-10-16,已审核,走读,常规面授,常规面授,,0,2026-08-27,周五18:30-20:30,"有教材,开课前领取",2026-12-18,0,素养素质(智学),西子花苑旗舰店309教室,西子花苑旗舰店309教室,班级刷卡,15人,素养,西子花苑旗舰店教学区,2026-12-18,7,9,思维6
"国外考试部",全科,"阅读,写作,听力,口语",,FD2708,英联邦非标课程（芙蓉广场中学生口语陪练）,英联邦非标课程（校区口语陪练）,非标班型（英联邦）,80,80,9600,9600,120.0,"	0.00",非标项目,非标项目,专项体系,专项体系,英联邦非标课程,英联邦非标课程,否,,可续,,,,6400.00,谌璐(716468),,"春季,暑假,秋季,寒假",,正常,2026-10-09,2026-10-09,已审核,"走读,在线","常规面授,在线直播",在线直播,云教室精品班（25人以上）,40,2026-08-30,"周五六19:00-21:00 ",无教材,2027-07-10,0,国外考试部,芙蓉广场,芙蓉广场虚拟教室（16楼大会议室）,班级刷卡,40人以上,国外考试部,芙蓉广场教学区,2027-07-10,12,21,
"素养智学部",数学,数学,数学,SXZH4B0723A,思维智慧4A（秋）,四年级数学秋季上A2服务（默认A）,通用,4,4,480,480,120.0,"	0.00",TG,TG,常规体系,常规体系,四年级数学秋季上A2服务,四年级数学A秋季上智慧学习空间,否,,连季续,四年级,四年级,四年级,800.00,向倩(415620),SXZH4B0723B,秋季上,秋季上,正常,2026-09-12,2026-09-12,已审核,"走读,在线","常规面授,在线录播",在线录播,智慧学习机,22,2026-08-20,周六13:50-15:50,"有教材,开课前领取",2026-10-07,3,学习机托管(智学),湘江世纪城218教室,湘江世纪城218教室,班级刷卡,20人,学习机托管,湘江世纪城教学区,2026-10-10,8,12,四年级数学
"国外考试部",全科,"阅读,写作,听力,口语",,FD2707,英联邦非标课程（天马中学生口语陪练课）,英联邦非标课程（校区口语陪练）,非标班型（英联邦）,80,80,9600,9600,120.0,"	0.00",非标项目,非标项目,专项体系,专项体系,英联邦非标课程,英联邦非标课程,否,,可续,,,,6400.00,,,"春季,暑假,秋季,寒假",,正常,2026-10-10,2026-10-10,已审核,"走读,在线","常规面授,在线直播",在线直播,云教室精品班（25人以上）,40,2026-08-30,周五六19:00-21:00,无教材,2027-07-16,0,国外考试部,天马,天马五楼VIP2教室（虚拟）,班级刷卡,40人以上,国外考试部,天马教学区,2027-07-16,12,21,
"素养智学部",英语,英语,英语,YYZH4B0715B,双语智慧4B（秋）,四年级英语秋季下B1服务（默认B）,通用,12,12,1440,1440,120.0,"	0.00",TG,TG,常规体系,常规体系,四年级英语秋季下B1服务,四年级英语A秋季下智慧学习空间,否,,连季续,四年级,四年级,四年级,2400.00,李勤(666065),YYZH4B0715A,秋季下,秋季下,正常,2026-10-07,2026-10-07,已审核,"走读,在线","常规面授,在线录播",在线录播,智慧学习机,20,2026-08-29,周六13:50-15:50,"有教材,开课前领取",2026-12-26,4,学习机托管(智学),吉联mall307教室,吉联mall307教室,班级刷卡,20人,学习机托管,吉联mall教学区,2026-12-26,8,12,四年级英语
"素养智学部",英语,英语,英语,YYZH6B0726B,双语智慧6A（秋）,六年级英语秋季下A2服务（默认A）,通用,12,12,1440,1440,120.0,"	0.00",TG,TG,常规体系,常规体系,六年级英语秋季下A2服务,六年级英语A秋季下智慧学习空间,否,,连季续,六年级(小学),六年级,六年级,2400.00,彭念慈(612650),YYZH6B0726A,秋季下,秋季下,正常,2026-10-07,2026-10-07,已审核,"走读,在线","常规面授,在线录播",在线录播,智慧学习机,24,2026-08-07,周六08:30-10:30,"有教材,开课前领取",2026-12-26,8,学习机托管(智学),二十四品01自习室,二十四品01自习室,班级刷卡,20人,学习机托管,二十四品教学区,2026-12-26,8,12,六年级英语
"国外考试部",全科,"阅读,写作,听力,口语",,FD2706,英联邦非标课程（天马校区训练课）,英联邦非标课程（校区辅导课赠送）,非标班型（英联邦）,80,80,9600,9600,120.0,"	0.00",非标项目,非标项目,专项体系,专项体系,英联邦非标课程,英联邦非标课程,否,,可续,,,,6400.00,,,"春季,暑假,秋季,寒假",,正常,2026-09-21,2026-09-20,已审核,"走读,在线","常规面授,在线直播",在线直播,云教室精品班（25人以上）,40,2026-08-30,详见课表,无教材,2027-02-06,0,国外考试部,天马,天马五楼VIP1教室（虚拟）,班级刷卡,40人以上,国外考试部,天马教学区,2027-02-07,12,12,
"高中班级部",英语,英语,英语,GYB3777,高一英语秋季志高班,十年级英语秋季B1班（面授）,通用,18,18,2160,2160,120.0,"	0.00",B1,B1,B体系,B体系,十年级英语秋季B1班,高一英语秋季志高班,否,,连季续,高一,十年级,高一,3420.00,陈群(191161),,秋季,秋季,正常,2026-09-06,2026-09-06,已审核,走读,常规面授,常规面授,,0,2026-08-01,周日10:20-12:20,"有教材,开课前领取",2026-12-27,2,高中部,银盆岭411教室,银盆岭411教室,班级刷卡,25人,本地班课,银盆岭教学区,2026-12-27,10,15,高一英语
"素养智学部",双语故事表演,双语故事表演,双语故事表演,PM127B0747A,双语绘本1C+领航班（秋）,双语故事表演L1秋季上C1班（C+）,通用,4,4,440,440,110.0,"	0.00",L1,L1,常规体系,常规体系,双语故事表演L1秋季上C1班,一年级双语故事表演秋季上L1班,否,,连季续,一年级,一年级,一年级,840.00,胡晓洁(443728),PM127B0747B,秋季上,秋季上,正常,2026-09-06,2026-09-06,已审核,走读,常规面授,常规面授,,15,2026-08-15,周日08:30-10:20,"有教材,开课前领取",2026-10-06,14,素养素质(智学),西子花苑旗舰店203教室,西子花苑旗舰店203教室,班级刷卡,15人,素养,西子花苑旗舰店教学区,2026-10-04,10,12,分级阅读1
"素养智学部",博文妙笔,博文妙笔,博文妙笔,BW227B0033A,博文口才 2（秋）,博文妙笔L2秋季上B1班,通用,4,4,440,440,110.0,"	0.00",L2,L2,常规体系,常规体系,博文妙笔L2秋季上B1班,二年级博文妙笔秋季上L2班,否,,连季续,二年级,二年级,二年级,840.00,冯慧(214832),BW227B0033B,秋季上,秋季上,正常,2026-09-13,2026-09-13,已审核,走读,常规面授,常规面授,,15,2026-08-29,周日08:30-10:20,"有教材,开课前领取",2026-10-06,4,素养素质(智学),北辰105教室,北辰105教室,班级刷卡,15人,素养,北辰教学区,2026-10-04,10,12,语商表达2
"素养智学部",博文妙笔,博文妙笔,博文妙笔,BW327B0725A,博文口才 3（秋）,博文妙笔L3秋季上B1班,通用,4,4,440,440,110.0,"	0.00",L3,L3,常规体系,常规体系,博文妙笔L3秋季上B1班,三年级博文妙笔秋季上L3班,否,,连季续,三年级,三年级,三年级,800.00,宋宇晖(361477),BW327B0725B,秋季上,秋季上,正常,2026-09-13,2026-09-13,已审核,走读,常规面授,常规面授,,18,2026-08-03,周日10:40-12:30,"有教材,开课前领取",2026-10-11,0,素养素质(智学),时光汇204教室,时光汇204教室,班级刷卡,15人,素养,时光汇教学区,2026-10-11,10,12,语商表达3
"素养智学部",脑力与思维,脑力与思维,脑力与思维,SW127B0824A,脑力思维1B（秋）,脑力与思维L1秋季上B1班,通用,4,4,440,440,110.0,"	0.00",L1,L1,常规体系,常规体系,脑力与思维L1秋季上B1班,一年级脑力与思维秋季上L1班,否,,连季续,一年级,一年级,一年级,840.00,张需琴(202585),SW127B0824B,秋季上,秋季上,正常,2026-09-13,2026-09-13,已审核,走读,常规面授,常规面授,,15,2026-08-24,周日08:30-10:20,"有教材,开课前领取",2026-10-11,3,素养素质(智学),梅岭国际207教室,梅岭国际207教室,班级刷卡,15人,素养,梅岭国际教学区,2026-10-11,10,12,思维1
"素养智学部",英语,英语,英语,YYZH6B0728A,双语智慧6A（秋）,六年级英语秋季上A2服务（默认A）,通用,4,4,480,480,120.0,"	0.00",TG,TG,常规体系,常规体系,六年级英语秋季上A2服务,六年级英语A秋季上智慧学习空间,否,,连季续,六年级(小学),六年级,六年级,800.00,陈圆苑(681745),YYZH6B0728B,秋季上,秋季上,正常,2026-09-06,2026-09-06,已审核,"走读,在线","常规面授,在线录播",在线录播,智慧学习机,24,2026-08-08,周日13:50-15:50,"有教材,开课前领取",2026-10-06,14,学习机托管(智学),时光汇01自习室,时光汇01自习室,班级刷卡,20人,学习机托管,时光汇教学区,2026-10-06,8,12,六年级英语
"素养智学部",双语故事表演,双语故事表演,双语故事表演,PMS327B0819A,双语绘本K（秋）,双语故事表演S3秋季上B1班,通用,4,4,360,360,90.0,"	0.00",S3,S3,常规体系,常规体系,双语故事表演S3秋季上B1班,S3双语故事表演秋季上S3班,否,,连季续,S3,S3,S3,630.00,周梓玉(634367),PMS327B0819B,秋季上,秋季上,正常,2026-09-06,2026-09-06,已审核,走读,常规面授,常规面授,,15,2026-08-19,周日16:00-17:30,"有教材,开课前领取",2026-10-06,9,素养素质(智学),时光汇211教室,时光汇211教室,班级刷卡,15人,素养,时光汇教学区,2026-10-06,10,12,分级阅读K
"素养智学部",脑力与思维,脑力与思维,脑力与思维,SW427B0750A,脑力思维4B（秋）,脑力与思维L4秋季上B1班,通用,4,4,440,440,110.0,"	0.00",L4,L4,常规体系,常规体系,脑力与思维L4秋季上B1班,四年级脑力与思维秋季上L4班,否,,连季续,四年级,四年级,四年级,800.00,谭欣佳(158017),SW427B0750B,秋季上,秋季上,正常,2026-09-06,2026-09-06,已审核,走读,常规面授,常规面授,,15,2026-08-13,周日10:40-12:30,"有教材,开课前领取",2026-10-06,10,素养素质(智学),吉联mall310教室,吉联mall310教室,班级刷卡,15人,素养,吉联mall教学区,2026-10-06,10,12,思维4
"素养智学部",博文妙笔,博文妙笔,博文妙笔,BW427B0827A,博文口才 4（秋）,博文妙笔L4秋季上B1班,通用,4,4,440,440,110.0,"	0.00",L4,L4,常规体系,常规体系,博文妙笔L4秋季上B1班,四年级博文妙笔秋季上L4班,否,,连季续,四年级,四年级,四年级,800.00,杨易佳慧(265407),BW427B0001B,秋季上,秋季上,正常,2026-09-12,2026-09-12,已审核,走读,常规面授,常规面授,,18,2026-08-27,周六 08:30-10:20,"有教材,开课前领取",2026-10-07,1,素养素质(智学),湘江世纪城308教室,湘江世纪城308教室,班级刷卡,15人,素养,湘江世纪城教学区,2026-10-03,10,12,语商表达4
"国外考试部",全科,"阅读,写作,听力,口语",,YZG2751A,雅思大学生直通车高级班（A）,雅思大学生直通车高级班（FY26-A）,IELTS直通车,32,48,3840,3840,120.0,"	0.00",IELTS,IELTS,常规体系,常规体系,雅思大学生直通车高级班,雅思大学生直通车高级班,否,,可续,,,,12800.00,李惠阳(092261),,"春季,暑假,秋季,寒假",,正常,2026-09-19,2026-09-19,已审核,"走读,在线","常规面授,在线直播",在线直播,云教室小班（25人以下）,0,2026-08-23,"周六周日08:00-10:00,10:10-12:10,13:30-15:30","有教材,开课前领取",2026-11-29,0,国外考试部,芙蓉广场教学区,芙蓉广场16-B11教室,班级刷卡,6人,国外考试部,芙蓉广场教学区,2026-11-29,4,5,
"素养智学部",博文妙笔,博文妙笔,博文妙笔,BW227B0033B,博文口才 2（秋）,博文妙笔L2秋季下B1班,通用,12,12,1320,1320,110.0,"	0.00",L2,L2,常规体系,常规体系,博文妙笔L2秋季下B1班,二年级博文妙笔秋季下L2班,否,,连季续,二年级,二年级,二年级,2520.00,冯慧(214832),BW227B0033A,秋季下,秋季下,正常,2026-10-18,2026-10-18,已审核,走读,常规面授,常规面授,,15,2026-08-29,周日08:30-10:20,"有教材,开课前领取",2027-01-03,4,素养素质(智学),北辰105教室,北辰105教室,班级刷卡,15人,素养,北辰教学区,2027-01-03,10,12,语商表达2
"智慧学习部",数学,数学,数学,SXZH8B270085B,SX秋季智慧学习空间8B,学习机托管八年级数学秋季下B1服务,通用,12,12,1440,1440,120.0,"	0.00",B1,B1,B体系,B体系,学习机托管八年级数学秋季下B1服务,SX秋季智慧学习空间8B,否,,连季续,初二,八年级,八年级,2400.00,朱志超(703457),SXZH8B270085A,秋季下,秋季下,正常,2026-10-18,2026-10-18,已审核,"走读,在线","常规面授,在线录播",在线录播,智慧学习机,24,2026-08-29,周日16:00-18:00,"有教材,开课前领取",2027-01-03,9,学习机托管(智慧),中信05自习室,中信05自习室,班级刷卡,20人,学习机托管,中信教学区,2027-01-03,8,12,初二数学
"智慧学习部",数学,数学,数学,SXZH8B270085A,SX秋季智慧学习空间8B,学习机托管八年级数学秋季上B1服务,通用,4,4,480,480,120.0,"	0.00",B1,B1,B体系,B体系,学习机托管八年级数学秋季上B1服务,SX秋季智慧学习空间8B,否,,连季续,初二,八年级,八年级,800.00,朱志超(703457),SXZH8B270085B,秋季上,秋季上,正常,2026-09-06,2026-09-06,已审核,"走读,在线","常规面授,在线录播",在线录播,智慧学习机,24,2026-08-29,周日16:00-18:00,"有教材,开课前领取",2026-09-27,9,学习机托管(智慧),中信05自习室,中信05自习室,班级刷卡,20人,学习机托管,中信教学区,2026-10-11,8,12,初二数学
"素养智学部",英语,英语,英语,YYZH4B0715A,双语智慧4B（秋）,四年级英语秋季上B1服务（默认B）,通用,4,4,480,480,120.0,"	0.00",TG,TG,常规体系,常规体系,四年级英语秋季上B1服务,四年级英语A秋季上智慧学习空间,否,,连季续,四年级,四年级,四年级,800.00,李勤(666065),YYZH4B0715B,秋季上,秋季上,正常,2026-09-05,2026-09-05,已审核,"走读,在线","常规面授,在线录播",在线录播,智慧学习机,20,2026-08-29,周六13:50-15:50,"有教材,开课前领取",2026-09-26,4,学习机托管(智学),吉联mall307教室,吉联mall307教室,班级刷卡,20人,学习机托管,吉联mall教学区,2026-09-26,8,12,四年级英语
"素养智学部",双语故事表演,双语故事表演,双语故事表演,PM427B0186A,双语绘本4C+领航班（秋）,双语故事表演L4秋季上C1班（C+）,通用,4,4,440,440,110.0,"	0.00",L4,L4,常规体系,常规体系,双语故事表演L4秋季上C1班,四年级双语故事表演秋季上L4班,否,,连季续,四年级,四年级,四年级,1040.00,蔡滢楚(707015),PM427B0186B,秋季上,秋季上,正常,2026-09-03,2026-09-03,已审核,走读,常规面授,常规面授,,15,2026-08-29,周四18:40-20:30,"有教材,开课前领取",2026-09-24,1,素养素质(智学),二十四品310教室,二十四品310教室,班级刷卡,15人,素养,二十四品教学区,2026-09-24,10,12,分级阅读4
"素养智学部",双语故事表演,双语故事表演,双语故事表演,PM427B0186B,双语绘本4C+领航班（秋）,双语故事表演L4秋季下C1班（C+）,通用,12,12,1320,1320,110.0,"	0.00",L4,L4,常规体系,常规体系,双语故事表演L4秋季下C1班,四年级双语故事表演秋季下L4班,否,,连季续,四年级,四年级,四年级,3120.00,蔡滢楚(707015),PM427B0186A,秋季下,秋季下,正常,2026-10-08,2026-10-08,已审核,走读,常规面授,常规面授,,15,2026-08-29,周四18:40-20:30,"有教材,开课前领取",2026-12-24,1,素养素质(智学),二十四品310教室,二十四品310教室,班级刷卡,15人,素养,二十四品教学区,2026-12-24,10,12,分级阅读4
"素养智学部",双语故事表演,双语故事表演,双语故事表演,PMS227B0023B,双语绘本PK（秋）,双语故事表演预备级S2秋季下B2班,通用,12,12,1080,1080,90.0,"	0.00",S2,S2,常规体系,常规体系,双语故事表演预备级S2秋季下B2班,S2双语故事表演秋季下S2班,否,,连季续,S2,S2,S2,2700.00,刘丹(666965),PMS227B0023A,秋季下,秋季下,正常,2026-10-11,2026-10-11,已审核,走读,常规面授,常规面授,,10,2026-08-29,周日16:00-17:30,"有教材,开课前领取",2026-12-27,2,素养素质(智学),二十四品310教室,二十四品310教室,班级刷卡,10人,素养,二十四品教学区,2026-12-27,7,7,分级阅读K
"素养智学部",双语故事表演,双语故事表演,双语故事表演,PMS227B0023A,双语绘本PK（秋）,双语故事表演预备级S2秋季上B2班,通用,4,4,360,360,90.0,"	0.00",S2,S2,常规体系,常规体系,双语故事表演预备级S2秋季上B2班,S2双语故事表演秋季上S2班,否,,连季续,S2,S2,S2,900.00,刘丹(666965),PMS227B0023B,秋季上,秋季上,正常,2026-09-06,2026-09-06,已审核,走读,常规面授,常规面授,,10,2026-08-29,周日16:00-17:30,"有教材,开课前领取",2026-09-27,2,素养素质(智学),二十四品310教室,二十四品310教室,班级刷卡,10人,素养,二十四品教学区,2026-10-04,7,7,分级阅读K
"素养智学部",双语故事表演,双语故事表演,双语故事表演,PMS327B0819B,双语绘本K（秋）,双语故事表演S3秋季下B1班,通用,12,12,1080,1080,90.0,"	0.00",S3,S3,常规体系,常规体系,双语故事表演S3秋季下B1班,S3双语故事表演秋季下S3班,否,,连季续,S3,S3,S3,1890.00,周梓玉(634367),PMS327B0819A,秋季下,秋季下,正常,2026-10-11,2026-10-11,已审核,走读,常规面授,常规面授,,15,2026-08-19,周日16:00-17:30,"有教材,开课前领取",2026-12-27,9,素养素质(智学),时光汇211教室,时光汇211教室,班级刷卡,15人,素养,时光汇教学区,2026-12-27,10,12,分级阅读K
"素养智学部",博文妙笔,博文妙笔,博文妙笔,BW427B0827B,博文口才 4（秋）,博文妙笔L4秋季下B1班,通用,12,12,1320,1320,110.0,"	0.00",L4,L4,常规体系,常规体系,博文妙笔L4秋季下B1班,四年级博文妙笔秋季下L4班,否,,连季续,四年级,四年级,四年级,2400.00,杨易佳慧(265407),BW427B0001A,秋季下,秋季下,正常,2026-10-10,2026-10-10,已审核,走读,常规面授,常规面授,,18,2026-08-27,周六 08:30-10:20,"有教材,开课前领取",2026-12-26,1,素养素质(智学),湘江世纪城308教室,湘江世纪城308教室,班级刷卡,15人,素养,湘江世纪城教学区,2026-12-26,10,12,语商表达4
"国外考试部",全科,"阅读,写作,听力,口语",,YZG2750B,雅思大学生直通车高级班（平时班B）,雅思大学生直通车高级班（FY26-B）,IELTS直通车,32,48,3840,3840,120.0,"	0.00",IELTS,IELTS,常规体系,常规体系,雅思大学生直通车高级班,雅思大学生直通车高级班,否,,可续,,,,12800.00,张瑾芳(309823),,"春季,暑假,秋季,寒假",,正常,2026-10-03,2026-10-03,已审核,"走读,在线","常规面授,在线直播",在线直播,云教室小班（25人以下）,10,2026-08-20,"周二至周六08:00-10:00,10:10-12:10,13:30-15:30
","有教材,开课前领取",2026-10-24,0,国外考试部,天马,天马08教室,班级刷卡,6人,国外考试部,天马教学区,2026-10-24,4,5,
"国外考试部",全科,"阅读,写作,听力,口语",,YZG2750A,雅思大学生直通车高级班（平时班A）,雅思大学生直通车高级班（FY26-A）,IELTS直通车,32,48,3840,3840,120.0,"	0.00",IELTS,IELTS,常规体系,常规体系,雅思大学生直通车高级班,雅思大学生直通车高级班,否,,可续,,,,12800.00,李彦霖(662068),,"春季,暑假,秋季,寒假",,正常,2026-09-09,2026-09-09,已审核,"走读,在线","常规面授,在线直播",在线直播,云教室小班（25人以下）,10,2026-08-29,"周二至周六08:00-10:00,10:10-12:10,13:30-15:30","有教材,开课前领取",2026-10-01,0,国外考试部,天马,天马08教室,班级刷卡,6人,国外考试部,天马教学区,2026-10-01,4,5,
"国外考试部",全科,"阅读,写作,听力,口语",,YZG2749B,雅思大学生直通车高级班（B）,雅思大学生直通车高级班（FY26-B）,IELTS直通车,32,48,3840,3840,120.0,"	0.00",IELTS,IELTS,常规体系,常规体系,雅思大学生直通车高级班,雅思大学生直通车高级班,否,,可续,,,,12800.00,崔婉鑫(724875),,"春季,暑假,秋季,寒假",,正常,2026-10-11,2026-10-11,已审核,"走读,在线","常规面授,在线直播",在线直播,云教室小班（25人以下）,2,2026-08-13,"周日10:10-12:10,13:30-15:30,15:40-17:40","有教材,开课前领取",2027-01-19,1,国外考试部,天马教学区,天马V235教室,班级刷卡,6人,国外考试部,天马教学区,2027-01-19,4,5,
"国外考试部",英语,英语,,GYSY01033A,Global Primary 英语 Prep 1A,Global Primary 英语 Prep 1A（Prep 1A）,Global Primary 英语,48,48,2880,2880,60.0,120.00,国际教育,国际教育,常规体系,常规体系,Global Primary 英语 Prep 1A,Global Primary 英语 Prep 1A,否,,可续,,,,9900.00,唐茜(660071),,"春季,暑假,秋季,寒假",,正常,2026-09-27,2026-09-27,已审核,"走读,在线","常规面授,在线直播",在线直播,云教室小班（25人以下）,3,2026-08-22,春秋季周日16:00-18:00，寒暑假集中上课,"有教材,开课前领取",2027-03-07,0,国际教育青少部,芙蓉广场,芙蓉广场5-09教室,班级刷卡,6人,国外考试部,芙蓉广场教学区,2027-03-07,3,4,
"素养智学部",博文妙笔,博文妙笔,博文妙笔,BW327B0725B,博文口才 3（秋）,博文妙笔L3秋季下B1班,通用,12,12,1320,1320,110.0,"	0.00",L3,L3,常规体系,常规体系,博文妙笔L3秋季下B1班,三年级博文妙笔秋季下L3班,否,,连季续,三年级,三年级,三年级,2400.00,宋宇晖(361477),BW327B0725A,秋季下,秋季下,正常,2026-10-18,2026-10-18,已审核,走读,常规面授,常规面授,,18,2026-08-03,周日10:40-12:30,"有教材,开课前领取",2027-01-03,0,素养素质(智学),时光汇204教室,时光汇204教室,班级刷卡,15人,素养,时光汇教学区,2027-01-03,10,12,语商表达3
"素养智学部",博文妙笔,博文妙笔,博文妙笔,BW627B0750B,博文口才 6（秋）,博文妙笔L6秋季下B1班,通用,12,12,1320,1320,110.0,"	0.00",L6,L6,常规体系,常规体系,博文妙笔L6秋季下B1班,六年级博文妙笔秋季下L6班,否,,连季续,六年级(小学),六年级,六年级,2400.00,杨易佳慧(265407),BW627B0750A,秋季下,秋季下,正常,2026-10-17,2026-10-17,已审核,走读,常规面授,常规面授,,18,2026-08-10,周六10:40-12:30,"有教材,开课前领取",2027-01-02,8,素养素质(智学),湘江世纪城306教室,湘江世纪城306教室,班级刷卡,15人,素养,湘江世纪城教学区,2027-01-02,10,12,语商表达6
"素养智学部",数学,数学,数学,SXZH4B0723B,思维智慧4A（秋）,四年级数学秋季下A2服务（默认A）,通用,12,12,1440,1440,120.0,"	0.00",TG,TG,常规体系,常规体系,四年级数学秋季下A2服务,四年级数学A秋季下智慧学习空间,否,,连季续,四年级,四年级,四年级,2400.00,向倩(415620),SXZH4B0723A,秋季下,秋季下,正常,2026-10-17,2026-10-17,已审核,"走读,在线","常规面授,在线录播",在线录播,智慧学习机,22,2026-08-20,周六13:50-15:50,"有教材,开课前领取",2027-01-02,3,学习机托管(智学),湘江世纪城218教室,湘江世纪城218教室,班级刷卡,20人,学习机托管,湘江世纪城教学区,2027-01-02,8,12,四年级数学
"素养智学部",脑力与思维,脑力与思维,脑力与思维,SW427B0749B,脑力思维4A（秋）,脑力与思维L4秋季下A2班,通用,12,12,1320,1320,110.0,"	0.00",L4,L4,常规体系,常规体系,脑力与思维L4秋季下A2班,四年级脑力与思维秋季下L4班,否,,连季续,四年级,四年级,四年级,2400.00,谭欣佳(158017),SW427B0749A,秋季下,秋季下,正常,2026-10-17,2026-10-17,已审核,走读,常规面授,常规面授,,18,2026-08-08,周六10:40-12:30,"有教材,开课前领取",2027-01-02,7,素养素质(智学),井湾子教学区213教室,井湾子教学区213教室,班级刷卡,15人,素养,井湾子教学区,2027-01-02,10,12,思维4
"素养智学部",脑力与思维,脑力与思维,脑力与思维,SW127B0824B,脑力思维1B（秋）,脑力与思维L1秋季下B1班,通用,12,12,1320,1320,110.0,"	0.00",L1,L1,常规体系,常规体系,脑力与思维L1秋季下B1班,一年级脑力与思维秋季下L1班,否,,连季续,一年级,一年级,一年级,2520.00,张需琴(202585),SW127B0824A,秋季下,秋季下,正常,2026-10-18,2026-10-18,已审核,走读,常规面授,常规面授,,15,2026-08-24,周日08:30-10:20,"有教材,开课前领取",2027-01-03,3,素养素质(智学),梅岭国际207教室,梅岭国际207教室,班级刷卡,15人,素养,梅岭国际教学区,2027-01-03,10,12,思维1
"素养智学部",博文妙笔,博文妙笔,博文妙笔,BW627B0750A,博文口才 6（秋）,博文妙笔L6秋季上B1班,通用,4,4,440,440,110.0,"	0.00",L6,L6,常规体系,常规体系,博文妙笔L6秋季上B1班,六年级博文妙笔秋季上L6班,否,,连季续,六年级(小学),六年级,六年级,800.00,杨易佳慧(265407),BW627B0750B,秋季上,秋季上,正常,2026-09-12,2026-09-12,已审核,走读,常规面授,常规面授,,18,2026-08-10,周六10:40-12:30,"有教材,开课前领取",2026-10-10,7,素养素质(智学),湘江世纪城306教室,湘江世纪城306教室,班级刷卡,15人,素养,湘江世纪城教学区,2026-10-10,10,12,语商表达6
"素养智学部",脑力与思维,脑力与思维,脑力与思维,SW427B0749A,脑力思维4A（秋）,脑力与思维L4秋季上A2班,通用,4,4,440,440,110.0,"	0.00",L4,L4,常规体系,常规体系,脑力与思维L4秋季上A2班,四年级脑力与思维秋季上L4班,否,,连季续,四年级,四年级,四年级,800.00,谭欣佳(158017),SW427B0749B,秋季上,秋季上,正常,2026-09-12,2026-09-12,已审核,走读,常规面授,常规面授,,18,2026-08-08,周六10:40-12:30,"有教材,开课前领取",2026-10-10,7,素养素质(智学),井湾子教学区213教室,井湾子教学区213教室,班级刷卡,15人,素养,井湾子教学区,2026-10-10,10,12,思维4
"智慧学习部",语文,语文,语文,YWZH7B27033A,YW秋季智慧学习空间7B,学习机托管七年级语文秋季上B1服务,通用,4,4,480,480,120.0,"	0.00",B1,B1,B体系,B体系,学习机托管七年级语文秋季上B1服务,YW秋季智慧学习空间7B,否,,连季续,初一,七年级,七年级,800.00,刘蕊(703456),YWZH7B27033B,秋季上,秋季上,正常,2026-09-06,2026-09-06,已审核,"走读,在线","常规面授,在线录播",在线录播,智慧学习机,24,2026-08-05,周日13:50-15:50,"有教材,开课前领取",2026-09-27,4,学习机托管(智慧),钰龙天下自习室01,钰龙天下自习室01,班级刷卡,20人,学习机托管,钰龙天下教学区,2026-09-27,8,12,初一语文
"智慧学习部",语文,语文,语文,YWZH7B27033B,YW秋季智慧学习空间7B,学习机托管七年级语文秋季下B1服务,通用,12,12,1440,1440,120.0,"	0.00",B1,B1,B体系,B体系,学习机托管七年级语文秋季下B1服务,YW秋季智慧学习空间7B,否,,连季续,初一,七年级,七年级,2400.00,刘蕊(703456),YWZH7B27033A,秋季下,秋季下,正常,2026-10-18,2026-10-18,已审核,"走读,在线","常规面授,在线录播",在线录播,智慧学习机,24,2026-08-05,周日13:50-15:50,"有教材,开课前领取",2027-01-03,4,学习机托管(智慧),钰龙天下自习室01,钰龙天下自习室01,班级刷卡,20人,学习机托管,钰龙天下教学区,2027-01-03,8,12,初一语文
"素养智学部",博文妙笔,博文妙笔,博文妙笔,BW427B0051B,取消博文口才 4（秋）,取消博文妙笔L4秋季下B1班,通用,12,0,1320,1320,110.0,"	0.00",L4,L4,常规体系,常规体系,博文妙笔L4秋季下B1班,四年级博文妙笔秋季下L4班,否,,连季续,四年级,四年级,四年级,2400.00,陈镜如(433197),BW427B0051A,秋季下,秋季下,取消班,2026-10-07,,已审核,走读,常规面授,常规面授,,0,2026-08-08,周六16:00-17:50,"有教材,开课前领取",,0,素养素质(智学),中信307教室,中信307教室,班级刷卡,15人,素养,中信教学区,2026-12-26,10,12,语商表达4
"素养智学部",脑力与思维,脑力与思维,脑力与思维,SW527B0818B,取消脑力思维5B（秋）,取消脑力与思维L5秋季下B1班,通用,12,0,1320,1320,110.0,"	0.00",L5,L5,常规体系,常规体系,脑力与思维L5秋季下B1班,五年级脑力与思维秋季下L5班,否,,连季续,五年级,五年级,五年级,2400.00,黄玉婷(684433),SW527B0818A,秋季下,秋季下,取消班,2026-10-07,,已审核,走读,常规面授,常规面授,,0,2026-08-18,周六13:50-15:40,"有教材,开课前领取",,0,素养素质(智学),月亮岛204教室,月亮岛204教室,班级刷卡,15人,素养,月亮岛教学区,2026-12-26,10,12,思维5
"素养智学部",脑力与思维,脑力与思维,脑力与思维,SW527B0818A,取消脑力思维5B（秋）,取消脑力与思维L5秋季上B1班,通用,4,0,440,440,110.0,"	0.00",L5,L5,常规体系,常规体系,脑力与思维L5秋季上B1班,五年级脑力与思维秋季上L5班,否,,连季续,五年级,五年级,五年级,800.00,黄玉婷(684433),SW527B0818B,秋季上,秋季上,取消班,2026-09-05,,已审核,走读,常规面授,常规面授,,0,2026-08-18,周六13:50-15:40,"有教材,开课前领取",,0,素养素质(智学),月亮岛204教室,月亮岛204教室,班级刷卡,15人,素养,月亮岛教学区,2026-09-26,10,12,思维5
"素养智学部",博文妙笔,博文妙笔,博文妙笔,BW427B0051A,取消博文口才 4（秋）,取消博文妙笔L4秋季上B1班,通用,4,0,440,440,110.0,"	0.00",L4,L4,常规体系,常规体系,博文妙笔L4秋季上B1班,四年级博文妙笔秋季上L4班,否,,连季续,四年级,四年级,四年级,800.00,陈镜如(433197),BW427B0051B,秋季上,秋季上,取消班,2026-09-05,,已审核,走读,常规面授,常规面授,,0,2026-08-08,周六16:00-17:50,"有教材,开课前领取",,0,素养素质(智学),中信307教室,中信307教室,班级刷卡,15人,素养,中信教学区,2026-09-26,10,12,语商表达4
"智慧学习部",语文,语文,语文,YWZH7B27000164B,取消YW秋季智慧学习空间7B取消,取消学习机托管七年级语文秋季下B1服务,通用,12,0,1440,1440,120.0,"	0.00",B1,B1,B体系,B体系,学习机托管七年级语文秋季下B1服务,YW秋季智慧学习空间7B,否,,连季续,初一,七年级,七年级,2400.00,卢湘林(358181),YWZH7B27000164A,秋季下,秋季下,取消班,2026-10-18,,已审核,"走读,在线","常规面授,在线录播",在线录播,智慧学习机,0,2026-08-05,周日16:00-18:00,"有教材,开课前领取",,5,学习机托管(智慧),当代滨江208自习室,当代滨江208自习室,班级刷卡,20人,学习机托管,当代滨江智慧空间,2027-01-03,8,12,初一语文
"智慧学习部",数学,数学,数学,SXZH7B2700062B,取消SX秋季智慧学习空间7A取消,取消学习机托管七年级数学秋季下A2服务,通用,12,0,1440,1440,120.0,"	0.00",A2,A2,A体系,A体系,学习机托管七年级数学秋季下A2服务,SX秋季智慧学习空间7A,否,,连季续,初一,七年级,七年级,2400.00,韩晓颖(612622),SXZH7B2700062A,秋季下,秋季下,取消班,2026-10-18,,已审核,"走读,在线","常规面授,在线录播",在线录播,智慧学习机,0,2026-08-05,周日08:30-10:30,"有教材,开课前领取",,2,学习机托管(智慧),洋湖新城309自习室,洋湖新城309自习室,班级刷卡,20人,学习机托管,洋湖新城智慧空间,2027-01-03,8,12,初一数学
"智慧学习部",数学,数学,数学,SXZH7B27095B,取消SX秋季智慧学习空间7B取消,取消学习机托管七年级数学秋季下B1服务,通用,12,0,1440,1440,120.0,"	0.00",B1,B1,B体系,B体系,学习机托管七年级数学秋季下B1服务,SX秋季智慧学习空间7B,否,,连季续,初一,七年级,七年级,2400.00,谢顺意(703455),SXZH7B27095A,秋季下,秋季下,取消班,2026-10-18,,已审核,"走读,在线","常规面授,在线录播",在线录播,智慧学习机,0,2026-08-05,周日16:00-18:00,"有教材,开课前领取",,3,学习机托管(智慧),星沙筑梦自习室9,星沙筑梦自习室9,班级刷卡,20人,学习机托管,星沙筑梦教学区,2027-01-03,8,12,初一数学
"智慧学习部",语文,语文,语文,YWZH7B27000164A,取消YW秋季智慧学习空间7B取消,取消学习机托管七年级语文秋季上B1服务,通用,4,0,480,480,120.0,"	0.00",B1,B1,B体系,B体系,学习机托管七年级语文秋季上B1服务,YW秋季智慧学习空间7B,否,,连季续,初一,七年级,七年级,800.00,卢湘林(358181),YWZH7B27000164B,秋季上,秋季上,取消班,2026-09-06,,已审核,"走读,在线","常规面授,在线录播",在线录播,智慧学习机,0,2026-08-05,周日16:00-18:00,"有教材,开课前领取",,5,学习机托管(智慧),当代滨江208自习室,当代滨江208自习室,班级刷卡,20人,学习机托管,当代滨江智慧空间,2026-09-27,8,12,初一语文
"智慧学习部",数学,数学,数学,SXZH7B27095A,取消SX秋季智慧学习空间7B取消,取消学习机托管七年级数学秋季上B1服务,通用,4,0,480,480,120.0,"	0.00",B1,B1,B体系,B体系,学习机托管七年级数学秋季上B1服务,SX秋季智慧学习空间7B,否,,连季续,初一,七年级,七年级,800.00,谢顺意(703455),SXZH7B27095B,秋季上,秋季上,取消班,2026-09-06,,已审核,"走读,在线","常规面授,在线录播",在线录播,智慧学习机,0,2026-08-05,周日16:00-18:00,"有教材,开课前领取",,4,学习机托管(智慧),星沙筑梦自习室9,星沙筑梦自习室9,班级刷卡,20人,学习机托管,星沙筑梦教学区,2026-09-27,8,12,初一数学
"智慧学习部",数学,数学,数学,SXZH7B2700062A,取消SX秋季智慧学习空间7A取消,取消学习机托管七年级数学秋季上A2服务,通用,4,0,480,480,120.0,"	0.00",A2,A2,A体系,A体系,学习机托管七年级数学秋季上A2服务,SX秋季智慧学习空间7A,否,,连季续,初一,七年级,七年级,800.00,韩晓颖(612622),SXZH7B2700062B,秋季上,秋季上,取消班,2026-09-06,,已审核,"走读,在线","常规面授,在线录播",在线录播,智慧学习机,0,2026-08-05,周日08:30-10:30,"有教材,开课前领取",,2,学习机托管(智慧),洋湖新城309自习室,洋湖新城309自习室,班级刷卡,20人,学习机托管,洋湖新城智慧空间,2026-09-27,8,12,初一数学
"素养智学部",脑力与思维,脑力与思维,脑力与思维,SW275B0019,SX秋季毕业指导专项5,五年级脑力与思维秋季ZT1班,通用,10,10,1200,1200,120.0,"	0.00",ZT1,ZT1,专项体系,专项体系,五年级脑力与思维秋季ZT1班,五年级脑力与思维秋季专题班,否,,不可续,五年级,五年级,五年级,1200.00,张媛媛(164583),,秋季,秋季,正常,2026-10-16,2026-10-16,已审核,走读,常规面授,常规面授,,15,2026-08-27,周五18:30-20:30,"有教材,开课前领取",2026-12-18,0,素养素质(智学),雨花家园302教室,雨花家园302教室,班级刷卡,15人,素养,雨花家园教学区,2026-12-18,7,9,思维5
"素养智学部",脑力与思维,脑力与思维,脑力与思维,SW327B0726A,脑力思维3B（秋）,脑力与思维L3秋季上B1班,通用,4,4,440,440,110.0,"	0.00",L3,L3,常规体系,常规体系,脑力与思维L3秋季上B1班,三年级脑力与思维秋季上L3班,否,,连季续,三年级,三年级,三年级,800.00,杨丽萍(618473),SW327B0726B,秋季上,秋季上,正常,2026-09-05,2026-09-05,已审核,走读,常规面授,常规面授,,15,2026-08-13,周六10:40-12:30,"有教材,开课前领取",2026-09-26,6,素养素质(智学),中信306教室,中信306教室,班级刷卡,15人,素养,中信教学区,2026-09-26,10,12,思维3
"素养智学部",脑力与思维,脑力与思维,脑力与思维,SW327B0726B,脑力思维3B（秋）,脑力与思维L3秋季下B1班,通用,12,12,1320,1320,110.0,"	0.00",L3,L3,常规体系,常规体系,脑力与思维L3秋季下B1班,三年级脑力与思维秋季下L3班,否,,连季续,三年级,三年级,三年级,2400.00,杨丽萍(618473),SW327B0726A,秋季下,秋季下,正常,2026-10-07,2026-10-10,已审核,走读,常规面授,常规面授,,15,2026-08-13,周六10:40-12:30,"有教材,开课前领取",2026-12-26,6,素养素质(智学),中信306教室,中信306教室,班级刷卡,15人,素养,中信教学区,2026-12-26,10,12,思维3
"素养智学部",书法,书法,书法,XZ228A00022,素质成长营（写字2）（暑）,一年级书法暑假ZT1班,通用,10,10,900,900,90.0,"	0.00",ZT1,ZT1,专项体系,专项体系,一年级书法暑假ZT1班,一年级书法暑假ZT1班,否,,不可续,一年级,一年级,一年级,975.00,朱庆香(342027),,暑假,暑假,正常,2027-07-09,2027-07-09,已审核,走读,常规面授,常规面授,,15,2026-08-19,每天10:40-12:10（上5休1）,"有教材,开课前领取",2027-07-19,0,素养素质(智学),西子花苑旗舰店309教室,西子花苑旗舰店309教室,班级刷卡,12人,素质,西子花苑旗舰店教学区,2027-07-19,7,8,书法2
"素养智学部",书法,书法,书法,XZ127D0025B,素质成长营（写字1）（春）,S3书法春季下ZT1班（默认线下）,通用,12,12,1080,1080,90.0,"	0.00",ZT1,ZT1,专项体系,专项体系,S3书法春季下ZT1班,S3书法春季下ZT1班,否,,不可续,S3,S3,S3,1170.00,朱庆香(342027),XZ127D0025A,春季下,春季下,正常,2027-04-03,2027-04-03,已审核,走读,常规面授,常规面授,,15,2026-08-19,周六10:40-12:10,"有教材,开课前领取",2027-06-19,0,素养素质(智学),西子花苑旗舰店309教室,西子花苑旗舰店309教室,班级刷卡,12人,素质,西子花苑旗舰店教学区,2027-06-19,7,8,书法1
"素养智学部",书法,书法,书法,XZ127D0025A,素质成长营（写字1）（春）,S3书法春季上ZT1班（默认线下）,通用,4,4,360,360,90.0,"	0.00",ZT1,ZT1,专项体系,专项体系,S3书法春季上ZT1班,S3书法春季上ZT1班,否,,不可续,S3,S3,S3,390.00,朱庆香(342027),XZ127D0025B,春季上,春季上,正常,2027-03-06,2027-03-06,已审核,走读,常规面授,常规面授,,15,2026-08-19,周六10:40-12:10,"有教材,开课前领取",2027-03-27,0,素养素质(智学),西子花苑旗舰店309教室,西子花苑旗舰店309教室,班级刷卡,12人,素质,西子花苑旗舰店教学区,2027-03-27,7,8,书法1
"素养智学部",书法,书法,书法,XZ127C0025,素质成长营（写字1）（寒）,S3书法寒假ZT1班（默认线下1）,通用,9,9,810,810,90.0,"	0.00",ZT1,ZT1,专项体系,专项体系,S3书法寒假ZT1班,S3书法寒假ZT1班,否,,不可续,S3,S3,S3,877.50,朱庆香(342027),,寒假,寒假,正常,2027-01-09,2027-01-09,已审核,走读,常规面授,常规面授,,15,2026-08-19,每天10:40-12:10,"有教材,开课前领取",2027-01-17,1,素养素质(智学),西子花苑旗舰店309教室,西子花苑旗舰店309教室,班级刷卡,12人,素质,西子花苑旗舰店教学区,2027-01-17,7,8,书法1
"国外考试部",全科,"阅读,写作,听力,口语",,FBQ2707,雅思大学生6.5分封闭营（1）,雅思大学生6.5分封闭营（FY25）,IELTS进阶班,68,90,8160,8160,120.0,436.00,IELTS,IELTS,常规体系,常规体系,雅思大学生6.5分封闭营,雅思大学生6.5分封闭营,否,,可续,,,,23800.00,李婷婷(122952),,"春季,暑假,秋季,寒假",,正常,2026-09-09,2026-09-09,已审核,"走读,在线","常规面授,在线直播",在线直播,云教室小班（25人以下）,10,2026-08-23,周一至周六08:00-18:00上课，19:00-21:00晚自习,"有教材,开课前领取",2026-09-29,0,国外考试部,天马教学区,天马07教室,班级刷卡,12人,国外考试部,天马教学区,2026-09-29,6,7,
"素养智学部",围棋,围棋,围棋,SZWQ27D162B,围棋N6-1段班,围棋L3-3段春季下班（春下12次课100）,通用,12,12,1080,1080,90.0,"	0.00",L3,L3,常规体系,常规体系,围棋L3-3段春季下班,围棋L3-3段春季下班,否,,连季续,三年级,三年级,三年级,1800.00,聂翰林(435932),SZWQ27D161A,春季下,春季,正常,2027-03-27,2027-03-27,已审核,走读,常规面授,常规面授,,12,2026-08-28,周六10:40-12:10,"有教材,开课前领取",2027-06-12,2,素养素质(智学),雨花家园204教室,雨花家园204教室,班级刷卡,12人,素质,雨花家园教学区,2027-06-12,8,10,围棋L3
"素养智学部",围棋,围棋,围棋,SZWQ27D162A,围棋N6-1段班,围棋L3-3段春季上班（春上3次课100）,通用,3,3,270,270,90.0,"	0.00",L3,L3,常规体系,常规体系,围棋L3-3段春季上班,围棋L3-3段春季上班,否,,连季续,三年级,三年级,三年级,450.00,聂翰林(435932),SZWQ27D161B,春季上,春季,正常,2027-03-06,2027-03-06,已审核,走读,常规面授,常规面授,,12,2026-08-28,周六10:40-12:10,"有教材,开课前领取",2027-03-20,2,素养素质(智学),雨花家园204教室,雨花家园204教室,班级刷卡,12人,素质,雨花家园教学区,2027-03-20,8,10,围棋L3
"素养智学部",围棋,围棋,围棋,SZWQ27C162,围棋N5-2段班,围棋L3-2段寒假班（寒8次课100）,通用,8,8,720,720,90.0,"	0.00",L3,L3,常规体系,常规体系,围棋L3-2段寒假班,围棋L3-2段寒假班,否,,连季续,三年级,三年级,三年级,1200.00,聂翰林(435932),,寒假,寒假,正常,2027-01-09,2027-01-09,已审核,走读,常规面授,常规面授,,12,2026-08-28,每天10:40-12:10,"有教材,开课前领取",2027-01-16,2,素养素质(智学),雨花家园204教室,雨花家园204教室,班级刷卡,12人,素质,雨花家园教学区,2027-01-16,8,10,围棋L3
"素养智学部",围棋,围棋,围棋,SZWQ27B162B,围棋N5-1段班,围棋L3-1段秋季下班（秋下12次课）,通用,12,12,1080,1080,90.0,"	0.00",L3,L3,常规体系,常规体系,围棋L3-1段秋季下班,围棋L3-1段秋季下班,否,,连季续,三年级,三年级,三年级,1800.00,聂翰林(435932),SZWQ27B161A,秋季下,秋季,正常,2026-09-26,2026-09-26,已审核,走读,常规面授,常规面授,,12,2026-08-28,周六10:40-12:10,"有教材,开课前领取",2026-12-19,8,素养素质(智学),雨花家园204教室,雨花家园204教室,班级刷卡,12人,素质,雨花家园教学区,2026-12-19,8,10,围棋L3
"素养智学部",围棋,围棋,围棋,SZWQ27B162A,围棋N5-1段班,围棋L3-1段秋季上班（秋上3次课）,通用,3,3,270,270,90.0,"	0.00",L3,L3,常规体系,常规体系,围棋L3-1段秋季上班,围棋L3-1段秋季上班,否,,连季续,三年级,三年级,三年级,450.00,聂翰林(435932),SZWQ27B161B,秋季上,秋季,正常,2026-09-05,2026-09-05,已审核,走读,常规面授,常规面授,,12,2026-08-28,周六10:40-12:10,"有教材,开课前领取",2026-09-19,8,素养素质(智学),雨花家园204教室,雨花家园204教室,班级刷卡,12人,素质,雨花家园教学区,2026-09-19,8,10,围棋L3
"素养智学部",书法,书法,书法,XZ227C0005,素质成长营（写字2）（寒）,一年级书法寒假ZT1班（默认线下1）,通用,9,9,810,810,90.0,"	0.00",ZT1,ZT1,专项体系,专项体系,一年级书法寒假ZT1班,一年级书法寒假ZT1班,否,,不可续,一年级,一年级,一年级,877.50,廖思年(342029),,寒假,寒假,正常,2027-01-10,2027-01-10,已审核,走读,常规面授,常规面授,,15,2026-08-08,每天16:30-18:00,"有教材,开课前领取",2027-01-18,2,素养素质(智学),月亮岛307教室,月亮岛307教室,班级刷卡,12人,素质,月亮岛教学区,2027-01-18,7,8,书法2
"国外考试部",全科,"阅读,写作,听力,口语",,YZG2752A,雅思大学生直通车高级班（A1）,雅思大学生直通车高级班（FY26-A）,IELTS直通车,32,48,3840,3840,120.0,"	0.00",IELTS,IELTS,常规体系,常规体系,雅思大学生直通车高级班,雅思大学生直通车高级班,否,,可续,,,,12800.00,刘若凡(661222),,"春季,暑假,秋季,寒假",,正常,2026-09-19,2026-09-19,已审核,"走读,在线","常规面授,在线直播",在线直播,云教室小班（25人以下）,6,2026-08-23,"周六08:00-10:00,10:10-12:10,13:30-15:30
","有教材,开课前领取",2027-01-23,0,国外考试部,天马教学区,天马04教室,班级刷卡,6人,国外考试部,天马教学区,2027-01-23,4,5,
"素养智学部",博文妙笔,博文妙笔,博文妙笔,BW327B0827A,博文口才 3（秋）,博文妙笔L3秋季上B1班,通用,4,4,440,440,110.0,"	0.00",L3,L3,常规体系,常规体系,博文妙笔L3秋季上B1班,三年级博文妙笔秋季上L3班,否,,连季续,三年级,三年级,三年级,800.00,宋宇晖(361477),BW327B0002B,秋季上,秋季上,正常,2026-09-06,2026-09-06,已审核,走读,常规面授,常规面授,,18,2026-08-27,周日 10:40-12:30,"有教材,开课前领取",2026-09-09,0,素养素质(智学),时光汇204教室,时光汇204教室,班级刷卡,15人,素养,时光汇教学区,2026-10-10,10,12,语商表达3
"素养智学部",博文妙笔,博文妙笔,博文妙笔,BW327B0827B,博文口才 3（秋）,博文妙笔L3秋季下B1班,通用,12,11,1320,1320,110.0,"	0.00",L3,L3,常规体系,常规体系,博文妙笔L3秋季下B1班,三年级博文妙笔秋季下L3班,否,,连季续,三年级,三年级,三年级,2400.00,宋宇晖(361477),BW327B0002A,秋季下,秋季下,正常,2026-10-11,2026-10-11,已审核,走读,常规面授,常规面授,,18,2026-08-27,周日 10:40-12:30,"有教材,开课前领取",2026-10-21,0,素养素质(智学),时光汇204教室,时光汇204教室,班级刷卡,15人,素养,时光汇教学区,2026-12-27,10,12,语商表达3
"智慧学习部",数学,数学,数学,SXZH8B270371B,SYSX秋季智慧学习空间8A,学习机托管八年级数学秋季下A2服务（创新默认A）,通用,12,12,1440,1440,120.0,"	0.00",A2,A2,A体系,A体系,学习机托管八年级数学秋季下A2服务,SX秋季智慧学习空间8A,否,,连季续,初二,八年级,八年级,2160.00,刘欣言(674548),SXZH8B270371A,秋季下,秋季下,正常,2026-10-17,2026-10-17,已审核,"走读,在线","常规面授,在线录播",在线录播,智慧学习机,24,2026-08-27,周六10:40-12:40,"有教材,开课前领取",2027-01-02,12,学习机托管(智慧),湘潭东方名苑205自习室,湘潭东方名苑205自习室,班级刷卡,20人,学习机托管,湘潭东方名苑教学区,2027-01-02,8,12,初二数学
"智慧学习部",数学,数学,数学,SXZH8B270371A,SYSX秋季智慧学习空间8A,学习机托管八年级数学秋季上A2服务（创新默认A）,通用,4,4,480,480,120.0,"	0.00",A2,A2,A体系,A体系,学习机托管八年级数学秋季上A2服务,SX秋季智慧学习空间8A,否,,连季续,初二,八年级,八年级,720.00,刘欣言(674548),SXZH8B270371B,秋季上,秋季上,正常,2026-09-05,2026-09-05,已审核,"走读,在线","常规面授,在线录播",在线录播,智慧学习机,24,2026-08-27,周六10:40-12:40,"有教材,开课前领取",2026-09-26,12,学习机托管(智慧),湘潭东方名苑205自习室,湘潭东方名苑205自习室,班级刷卡,20人,学习机托管,湘潭东方名苑教学区,2026-09-26,8,12,初二数学
"素养智学部",围棋,围棋,围棋,SZWQ27B160A,围棋N1-2段班,围棋L1-2段秋季上班（秋上3次课）,通用,3,3,270,270,90.0,"	0.00",L1,L1,常规体系,常规体系,围棋L1-2段秋季上班,围棋L1-2段秋季上班,否,,连季续,一年级,一年级,一年级,450.00,刘源清(368312),SZWQ27B160B,秋季上,秋季,正常,2026-09-05,2026-09-05,已审核,走读,常规面授,常规面授,,12,2026-08-27,周六14:00-15:30,无教材,2026-09-19,6,素养素质(智学),二十四品311教室,二十四品311教室,班级刷卡,12人,素质,二十四品教学区,2026-09-19,8,10,围棋-L1
"素养智学部",围棋,围棋,围棋,SZWQ27B160B,围棋N1-2段班,围棋L1-2段秋季下班（秋下12次课）,通用,12,12,1080,1080,90.0,"	0.00",L1,L1,常规体系,常规体系,围棋L1-2段秋季下班,围棋L1-2段秋季下班,否,,连季续,一年级,一年级,一年级,1800.00,刘源清(368312),SZWQ27B160A,秋季下,秋季,正常,2026-09-26,2026-09-26,已审核,走读,常规面授,常规面授,,12,2026-08-27,周六14:00-15:30,无教材,2026-12-19,6,素养素质(智学),二十四品311教室,二十四品311教室,班级刷卡,12人,素质,二十四品教学区,2026-12-19,8,10,围棋-L1
"素养智学部",双语故事表演,双语故事表演,双语故事表演,PM327B0827B,双语绘本3B（秋）,双语故事表演L3秋季下B2班,通用,12,12,1320,1320,110.0,"	0.00",L3,L3,常规体系,常规体系,双语故事表演L3秋季下B2班,三年级双语故事表演秋季下L3班,否,,连季续,三年级,三年级,三年级,2400.00,陈思(706975),PM327B0827A,秋季下,秋季下,正常,2026-10-17,2026-10-17,已审核,走读,常规面授,常规面授,,18,2026-08-27,周六13:50-15:40,"有教材,开课前领取",2027-01-02,4,素养素质(智学),西子花苑旗舰店308教室,西子花苑旗舰店308教室,班级刷卡,15人,素养,西子花苑旗舰店教学区,2027-01-02,10,12,分级阅读3
"素养智学部",双语故事表演,双语故事表演,双语故事表演,PM327B0827A,双语绘本3B（秋）,双语故事表演L3秋季上B2班,通用,4,4,440,440,110.0,"	0.00",L3,L3,常规体系,常规体系,双语故事表演L3秋季上B2班,三年级双语故事表演秋季上L3班,否,,连季续,三年级,三年级,三年级,800.00,陈思(706975),PM327B0827B,秋季上,秋季上,正常,2026-09-12,2026-09-12,已审核,走读,常规面授,常规面授,,18,2026-08-27,周六13:50-15:40,"有教材,开课前领取",2026-10-07,4,素养素质(智学),西子花苑旗舰店308教室,西子花苑旗舰店308教室,班级刷卡,15人,素养,西子花苑旗舰店教学区,2026-10-07,10,12,分级阅读3
"素养智学部",脑力与思维,脑力与思维,脑力与思维,SW276B0015,SX秋季毕业指导专项6,六年级脑力与思维秋季ZT1班,通用,10,10,1200,1200,120.0,"	0.00",ZT1,ZT1,专项体系,专项体系,六年级脑力与思维秋季ZT1班,六年级脑力与思维秋季专题班,否,,不可续,六年级(小学),六年级,六年级,1200.00,徐铭悦(274583),,秋季,秋季,正常,2026-10-17,2026-10-17,已审核,走读,常规面授,常规面授,,15,2026-08-27,周六10:40-12:40,"有教材,开课前领取",2026-12-19,0,素养素质(智学),星沙筑梦L201教室,星沙筑梦L201教室,班级刷卡,15人,素养,星沙筑梦教学区,2026-12-19,7,9,思维6
"素养智学部",脑力与思维,脑力与思维,脑力与思维,SW276B0017,SX秋季毕业指导专项6,六年级脑力与思维秋季ZT1班,通用,10,10,1200,1200,120.0,"	0.00",ZT1,ZT1,专项体系,专项体系,六年级脑力与思维秋季ZT1班,六年级脑力与思维秋季专题班,否,,不可续,六年级(小学),六年级,六年级,1200.00,康瑞欣(442810),,秋季,秋季,正常,2026-10-17,2026-10-17,已审核,走读,常规面授,常规面授,,15,2026-08-27,周六13:50-15:50,"有教材,开课前领取",2026-12-19,0,素养素质(智学),东塘205教室,东塘205教室,班级刷卡,15人,素养,东塘教学区,2026-12-19,7,9,思维6
"素养智学部",脑力与思维,脑力与思维,脑力与思维,SW276B0013,SX秋季毕业指导专项6,六年级脑力与思维秋季ZT1班,通用,10,10,1200,1200,120.0,"	0.00",ZT1,ZT1,专项体系,专项体系,六年级脑力与思维秋季ZT1班,六年级脑力与思维秋季专题班,否,,不可续,六年级(小学),六年级,六年级,1200.00,岑崟(149552),,秋季,秋季,正常,2026-10-17,2026-10-17,已审核,走读,常规面授,常规面授,,15,2026-08-27,周六13:50-15:50,"有教材,开课前领取",2026-12-19,0,素养素质(智学),雨花家园303教室,雨花家园303教室,班级刷卡,15人,素养,雨花家园教学区,2026-12-19,7,9,思维6
"素养智学部",博文妙笔,博文妙笔,博文妙笔,BW276B0012,BW秋季毕业指导专项6,六年级博文妙笔秋季ZT1班,通用,10,10,1200,1200,120.0,"	0.00",ZT1,ZT1,专项体系,专项体系,六年级博文妙笔秋季ZT1班,六年级博文妙笔秋季专题班,否,,不可续,六年级(小学),六年级,六年级,1200.00,李娟(072666),,秋季,秋季,正常,2026-10-17,2026-10-17,已审核,走读,常规面授,常规面授,,15,2026-08-27,周六13:50-15:50,"有教材,开课前领取",2026-12-19,0,素养素质(智学),湘江世纪城204教室,湘江世纪城204教室,班级刷卡,15人,素养,湘江世纪城教学区,2026-12-19,7,9,语商表达6
"素养智学部",脑力与思维,脑力与思维,脑力与思维,SW276B0007,SX秋季毕业指导专项6,六年级脑力与思维秋季ZT1班,通用,10,10,1200,1200,120.0,"	0.00",ZT1,ZT1,专项体系,专项体系,六年级脑力与思维秋季ZT1班,六年级脑力与思维秋季专题班,否,,不可续,六年级(小学),六年级,六年级,1200.00,张丽晖(226352),,秋季,秋季,正常,2026-10-17,2026-10-17,已审核,走读,常规面授,常规面授,,15,2026-08-27,周六13:50-15:50,"有教材,开课前领取",2026-12-19,0,素养素质(智学),梅岭国际211教室,梅岭国际211教室,班级刷卡,15人,素养,梅岭国际教学区,2026-12-19,7,9,思维6
"素养智学部",博文妙笔,博文妙笔,博文妙笔,BW276B0004,BW秋季毕业指导专项6,六年级博文妙笔秋季ZT1班,通用,10,10,1200,1200,120.0,"	0.00",ZT1,ZT1,专项体系,专项体系,六年级博文妙笔秋季ZT1班,六年级博文妙笔秋季专题班,否,,不可续,六年级(小学),六年级,六年级,1200.00,刘航(214343),,秋季,秋季,正常,2026-10-17,2026-10-17,已审核,走读,常规面授,常规面授,,15,2026-08-27,周六13:50-15:50,"有教材,开课前领取",2026-12-19,0,素养素质(智学),二十四品303教室,二十四品303教室,班级刷卡,15人,素养,二十四品教学区,2026-12-19,7,9,语商表达6
"素养智学部",博文妙笔,博文妙笔,博文妙笔,BW276B0006,BW秋季毕业指导专项6,六年级博文妙笔秋季ZT1班,通用,10,10,1200,1200,120.0,"	0.00",ZT1,ZT1,专项体系,专项体系,六年级博文妙笔秋季ZT1班,六年级博文妙笔秋季专题班,否,,不可续,六年级(小学),六年级,六年级,1200.00,吕琛(332789),,秋季,秋季,正常,2026-10-17,2026-10-17,已审核,走读,常规面授,常规面授,,15,2026-08-27,周六16:00-18:00,"有教材,开课前领取",2026-12-19,0,素养素质(智学),井湾子教学区201教室,井湾子教学区201教室,班级刷卡,15人,素养,井湾子教学区,2026-12-19,7,9,语商表达6
"素养智学部",博文妙笔,博文妙笔,博文妙笔,BW276B0018,BW秋季毕业指导专项6,六年级博文妙笔秋季ZT1班,通用,10,10,1200,1200,120.0,"	0.00",ZT1,ZT1,专项体系,专项体系,六年级博文妙笔秋季ZT1班,六年级博文妙笔秋季专题班,否,,不可续,六年级(小学),六年级,六年级,1200.00,陈力僮(454078),,秋季,秋季,正常,2026-10-17,2026-10-17,已审核,走读,常规面授,常规面授,,15,2026-08-27,周六8:30-10:30,"有教材,开课前领取",2026-12-19,0,素养素质(智学),东塘205教室,东塘205教室,班级刷卡,15人,素养,东塘教学区,2026-12-19,7,9,语商表达6
"素养智学部",脑力与思维,脑力与思维,脑力与思维,SW276B0001,SX秋季毕业指导专项6,六年级脑力与思维秋季ZT1班,通用,10,10,1200,1200,120.0,"	0.00",ZT1,ZT1,专项体系,专项体系,六年级脑力与思维秋季ZT1班,六年级脑力与思维秋季专题班,否,,不可续,六年级(小学),六年级,六年级,1200.00,李霜(442923),,秋季,秋季,正常,2026-10-17,2026-10-17,已审核,走读,常规面授,常规面授,,15,2026-08-27,周六18:30-20:30,"有教材,开课前领取",2026-12-19,0,素养素质(智学),洋湖新城311教室,洋湖新城311教室,班级刷卡,15人,素养,洋湖新城教学区,2026-12-19,7,9,思维6
"素养智学部",脑力与思维,脑力与思维,脑力与思维,SW276B0005,SX秋季毕业指导专项6,六年级脑力与思维秋季ZT1班,通用,10,10,1200,1200,120.0,"	0.00",ZT1,ZT1,专项体系,专项体系,六年级脑力与思维秋季ZT1班,六年级脑力与思维秋季专题班,否,,不可续,六年级(小学),六年级,六年级,1200.00,魏梦桐(183313),,秋季,秋季,正常,2026-10-17,2026-10-17,已审核,走读,常规面授,常规面授,,15,2026-08-27,周六13:50-15:50,"有教材,开课前领取",2026-12-19,0,素养素质(智学),井湾子教学区201教室,井湾子教学区201教室,班级刷卡,15人,素养,井湾子教学区,2026-12-19,7,9,思维6
"素养智学部",博文妙笔,博文妙笔,博文妙笔,BW276B0016,BW秋季毕业指导专项6,六年级博文妙笔秋季ZT1班,通用,10,10,1200,1200,120.0,"	0.00",ZT1,ZT1,专项体系,专项体系,六年级博文妙笔秋季ZT1班,六年级博文妙笔秋季专题班,否,,不可续,六年级(小学),六年级,六年级,1200.00,刘雨晨(640812),,秋季,秋季,正常,2026-10-17,2026-10-17,已审核,走读,常规面授,常规面授,,15,2026-08-27,周六8:30-10:30,"有教材,开课前领取",2026-12-19,0,素养素质(智学),星沙筑梦L201教室,星沙筑梦L201教室,班级刷卡,15人,素养,星沙筑梦教学区,2026-12-19,7,9,语商表达6
"素养智学部",博文妙笔,博文妙笔,博文妙笔,BW276B0010,BW秋季毕业指导专项6,六年级博文妙笔秋季ZT1班,通用,10,10,1200,1200,120.0,"	0.00",ZT1,ZT1,专项体系,专项体系,六年级博文妙笔秋季ZT1班,六年级博文妙笔秋季专题班,否,,不可续,六年级(小学),六年级,六年级,1200.00,张幸(184160),,秋季,秋季,正常,2026-10-18,2026-10-18,已审核,走读,常规面授,常规面授,,15,2026-08-27,周日13:50-15:50,"有教材,开课前领取",2026-12-20,0,素养素质(智学),西子花苑旗舰店309教室,西子花苑旗舰店309教室,班级刷卡,15人,素养,西子花苑旗舰店教学区,2026-12-20,7,9,语商表达6
"素养智学部",脑力与思维,脑力与思维,脑力与思维,SW275B0021,SX秋季毕业指导专项5,五年级脑力与思维秋季ZT1班,通用,10,10,1200,1200,120.0,"	0.00",ZT1,ZT1,专项体系,专项体系,五年级脑力与思维秋季ZT1班,五年级脑力与思维秋季专题班,否,,不可续,五年级,五年级,五年级,1200.00,倪胜鹏(706985),,秋季,秋季,正常,2026-10-16,2026-10-16,已审核,走读,常规面授,常规面授,,15,2026-08-27,周五18:30-20:30,"有教材,开课前领取",2026-12-18,0,素养素质(智学),星沙筑梦202教室,星沙筑梦202教室,班级刷卡,15人,素养,星沙筑梦教学区,2026-12-18,7,9,思维5
"素养智学部",脑力与思维,脑力与思维,脑力与思维,SW275B0020,SX秋季毕业指导专项5,五年级脑力与思维秋季ZT1班,通用,10,10,1200,1200,120.0,"	0.00",ZT1,ZT1,专项体系,专项体系,五年级脑力与思维秋季ZT1班,五年级脑力与思维秋季专题班,否,,不可续,五年级,五年级,五年级,1200.00,谢晓圳(612660),,秋季,秋季,正常,2026-10-16,2026-10-16,已审核,走读,常规面授,常规面授,,15,2026-08-27,周五18:30-20:30,"有教材,开课前领取",2026-12-18,0,素养素质(智学),二十四品307教室,二十四品307教室,班级刷卡,15人,素养,二十四品教学区,2026-12-18,7,9,思维5
"素养智学部",脑力与思维,脑力与思维,脑力与思维,SW276B0011,SX秋季毕业指导专项6,六年级脑力与思维秋季ZT1班,通用,10,10,1200,1200,120.0,"	0.00",ZT1,ZT1,专项体系,专项体系,六年级脑力与思维秋季ZT1班,六年级脑力与思维秋季专题班,否,,不可续,六年级(小学),六年级,六年级,1200.00,胡欢欢(390767),,秋季,秋季,正常,2026-10-16,2026-10-16,已审核,走读,常规面授,常规面授,,15,2026-08-27,周五18:30-20:30,"有教材,开课前领取",2026-12-18,0,素养素质(智学),湘江世纪城204教室,湘江世纪城204教室,班级刷卡,15人,素养,湘江世纪城教学区,2026-12-18,7,9,思维6
"素养智学部",博文妙笔,博文妙笔,博文妙笔,BW276B0014,BW秋季毕业指导专项6,六年级博文妙笔秋季ZT1班,通用,10,10,1200,1200,120.0,"	0.00",ZT1,ZT1,专项体系,专项体系,六年级博文妙笔秋季ZT1班,六年级博文妙笔秋季专题班,否,,不可续,六年级(小学),六年级,六年级,1200.00,欧阳巧(294529),,秋季,秋季,正常,2026-10-16,2026-10-16,已审核,走读,常规面授,常规面授,,15,2026-08-27,周五18:30-20:30,"有教材,开课前领取",2026-12-18,0,素养素质(智学),雨花家园303教室,雨花家园303教室,班级刷卡,15人,素养,雨花家园教学区,2026-12-18,7,9,语商表达6
"素养智学部",脑力与思维,脑力与思维,脑力与思维,SW276B0003,SX秋季毕业指导专项6,六年级脑力与思维秋季ZT1班,通用,10,10,1200,1200,120.0,"	0.00",ZT1,ZT1,专项体系,专项体系,六年级脑力与思维秋季ZT1班,六年级脑力与思维秋季专题班,否,,不可续,六年级(小学),六年级,六年级,1200.00,曾丹(444561),,秋季,秋季,正常,2026-10-16,2026-10-16,已审核,走读,常规面授,常规面授,,15,2026-08-27,周五18:30-20:30,"有教材,开课前领取",2026-12-18,0,素养素质(智学),二十四品303教室,二十四品303教室,班级刷卡,15人,素养,二十四品教学区,2026-12-18,7,9,思维6
"素养智学部",博文妙笔,博文妙笔,博文妙笔,BW276B0008,BW秋季毕业指导专项6,六年级博文妙笔秋季ZT1班,通用,10,10,1200,1200,120.0,"	0.00",ZT1,ZT1,专项体系,专项体系,六年级博文妙笔秋季ZT1班,六年级博文妙笔秋季专题班,否,,不可续,六年级(小学),六年级,六年级,1200.00,何琪(057970),,秋季,秋季,正常,2026-10-16,2026-10-16,已审核,走读,常规面授,常规面授,,15,2026-08-27,周五18:30-20:30,"有教材,开课前领取",2026-12-18,0,素养素质(智学),梅岭国际211教室,梅岭国际211教室,班级刷卡,15人,素养,梅岭国际教学区,2026-12-18,7,9,语商表达6
"素养智学部",博文妙笔,博文妙笔,博文妙笔,BW276B0002,BW秋季毕业指导专项6,六年级博文妙笔秋季ZT1班,通用,10,10,1200,1200,120.0,"	0.00",ZT1,ZT1,专项体系,专项体系,六年级博文妙笔秋季ZT1班,六年级博文妙笔秋季专题班,否,,不可续,六年级(小学),六年级,六年级,1200.00,梁艳云(612643),,秋季,秋季,正常,2026-10-16,2026-10-16,已审核,走读,常规面授,常规面授,,15,2026-08-27,周五18:30-20:30,"有教材,开课前领取",2026-12-18,0,素养素质(智学),洋湖新城311教室,洋湖新城311教室,班级刷卡,15人,素养,洋湖新城教学区,2026-12-18,7,9,语商表达6
"国外考试部",全科,"阅读,写作,词汇,听力,口语,语法",,MSZ2745,雅思直通车中级课程（Plus平时班）,雅思直通车中级课程（FY26）,IELTS直通车,64,64,7680,7680,120.0,436.00,IELTS,IELTS,常规体系,常规体系,雅思直通车中级课程,雅思直通车中级课程,否,,可续,,,,23800.00,,,"春季,暑假,秋季,寒假",,正常,2026-09-14,2026-09-14,已审核,"走读,在线","常规面授,在线直播",在线直播,云教室小班（25人以下）,0,2026-08-02,"周一至周五08:00-10:00,10:10-12:10","有教材,开课前领取",2026-11-04,0,国外考试部,芙蓉广场教学区,芙蓉广场16-A11教室,班级刷卡,6人,国外考试部,芙蓉广场教学区,2026-11-04,3,4,
"素养智学部",英语,英语,英语,YYZH6B0728B,双语智慧6A（秋）,六年级英语秋季下A2服务（默认A）,通用,12,12,1440,1440,120.0,"	0.00",TG,TG,常规体系,常规体系,六年级英语秋季下A2服务,六年级英语A秋季下智慧学习空间,否,,连季续,六年级(小学),六年级,六年级,2400.00,陈圆苑(681745),YYZH6B0728A,秋季下,秋季下,正常,2026-10-11,2026-10-11,已审核,"走读,在线","常规面授,在线录播",在线录播,智慧学习机,24,2026-08-08,周日13:50-15:50,"有教材,开课前领取",2026-12-27,14,学习机托管(智学),时光汇01自习室,时光汇01自习室,班级刷卡,20人,学习机托管,时光汇教学区,2026-12-27,8,12,六年级英语
"国外考试部",全科,"阅读,写作,听力,口语",,YZG2753B,雅思大学生直通车高级班（平时班B1）,雅思大学生直通车高级班（FY26-B）,IELTS直通车,32,48,3840,3840,120.0,"	0.00",IELTS,IELTS,常规体系,常规体系,雅思大学生直通车高级班,雅思大学生直通车高级班,否,,可续,,,,12800.00,薛黄理(193531),,"春季,暑假,秋季,寒假",,正常,2026-09-17,2026-09-17,已审核,"走读,在线","常规面授,在线直播",在线直播,云教室小班（25人以下）,10,2026-08-23,"周一至周六08:00-10:00,10:10-12:10,13:30-15:30
","有教材,开课前领取",2026-10-08,2,国外考试部,天马教学区,天马07教室,班级刷卡,6人,国外考试部,天马教学区,2026-10-08,4,5,
"国外考试部",全科,"阅读,写作,听力,口语,综合能力,听口能力,综合听说,综合读写",,CY2701,成人英语服务卡课程（芙蓉）,成人英语服务卡课程（FY26B）,非标班型（英联邦）,30,30,3600,3600,120.0,"	0.00",非标项目,非标项目,专项体系,专项体系,成人英语服务卡课程,成人英语服务卡课程,否,,可续,,,,12300.00,舒轲溢(196009),,"春季,暑假,秋季,寒假",,正常,2026-09-20,2026-09-20,已审核,"走读,在线","常规面授,在线直播",在线直播,云教室小班（25人以下）,12,2026-08-23,详见课表,无教材,2026-11-15,0,国外考试部,芙蓉广场,芙蓉广场16-A2教室,班级刷卡,12人,国外考试部,芙蓉广场教学区,2026-11-26,6,7,
"智慧学习部",数学,数学,数学,SXZH7B27026B,SX秋季智慧学习空间7A取消,学习机托管七年级数学秋季下A2服务,通用,12,12,1440,1440,120.0,"	0.00",A2,A2,A体系,A体系,学习机托管七年级数学秋季下A2服务,SX秋季智慧学习空间7A,否,,连季续,初一,七年级,七年级,2400.00,杨苗(250201),SXZH7B27026A,秋季下,秋季下,正常,2026-10-18,2026-10-18,已审核,"走读,在线","常规面授,在线录播",在线录播,智慧学习机,0,2026-08-05,周日10:40-12:40,"有教材,开课前领取",2027-01-03,0,学习机托管(智慧),北辰自习室02,北辰自习室02,班级刷卡,20人,学习机托管,北辰智慧空间,2027-01-03,8,12,初一数学
"智慧学习部",英语,英语,英语,YYZH7B27084B,YY秋季智慧学习空间7B取消,学习机托管七年级英语秋季下B1服务,通用,12,12,1440,1440,120.0,"	0.00",B1,B1,B体系,B体系,学习机托管七年级英语秋季下B1服务,YY秋季智慧学习空间7B,否,,连季续,初一,七年级,七年级,2400.00,李玉姣(615263),YYZH7B27084A,秋季下,秋季下,正常,2026-10-18,2026-10-18,已审核,"走读,在线","常规面授,在线录播",在线录播,智慧学习机,0,2026-08-05,周日16:00-18:00,"有教材,开课前领取",2027-01-03,0,学习机托管(智慧),星沙筑梦自习室8,星沙筑梦自习室8,班级刷卡,20人,学习机托管,星沙筑梦教学区,2027-01-03,8,12,初一英语
"智慧学习部",化学,化学,化学,HXZH9B27002B,HX秋季智慧学习空间9A取消,学习机托管九年级化学秋季下A2服务,通用,12,12,1440,1440,120.0,"	0.00",A2,A2,A体系,A体系,学习机托管九年级化学秋季下A2服务,HX秋季智慧学习空间9A,否,,连季续,中考,九年级,九年级,2400.00,罗志莉(438844),HXZH9B27002A,秋季下,秋季下,正常,2026-10-18,2026-10-18,已审核,"走读,在线","常规面授,在线录播",在线录播,智慧学习机,0,2026-08-18,周日08:30-10:30,"有教材,开课前领取",2027-01-03,1,学习机托管(智慧),大润发301教室,大润发301教室,班级刷卡,20人,学习机托管,大润发教学区,2027-01-03,8,10,中考化学
"智慧学习部",数学,数学,数学,SXZH7B27026A,SX秋季智慧学习空间7A取消,学习机托管七年级数学秋季上A2服务,通用,4,4,480,480,120.0,"	0.00",A2,A2,A体系,A体系,学习机托管七年级数学秋季上A2服务,SX秋季智慧学习空间7A,否,,连季续,初一,七年级,七年级,800.00,杨苗(250201),SXZH7B27026B,秋季上,秋季上,正常,2026-09-06,2026-09-06,已审核,"走读,在线","常规面授,在线录播",在线录播,智慧学习机,0,2026-08-05,周日10:40-12:40,"有教材,开课前领取",2026-09-27,0,学习机托管(智慧),北辰自习室02,北辰自习室02,班级刷卡,20人,学习机托管,北辰智慧空间,2026-09-27,8,12,初一数学
"智慧学习部",英语,英语,英语,YYZH7B27084A,YY秋季智慧学习空间7B取消,学习机托管七年级英语秋季上B1服务,通用,4,4,480,480,120.0,"	0.00",B1,B1,B体系,B体系,学习机托管七年级英语秋季上B1服务,YY秋季智慧学习空间7B,否,,连季续,初一,七年级,七年级,800.00,李玉姣(615263),YYZH7B27084B,秋季上,秋季上,正常,2026-09-06,2026-09-06,已审核,"走读,在线","常规面授,在线录播",在线录播,智慧学习机,0,2026-08-05,周日16:00-18:00,"有教材,开课前领取",2026-09-27,0,学习机托管(智慧),星沙筑梦自习室8,星沙筑梦自习室8,班级刷卡,20人,学习机托管,星沙筑梦教学区,2026-09-27,8,12,初一英语
"智慧学习部",化学,化学,化学,HXZH9B27002A,HX秋季智慧学习空间9A取消,学习机托管九年级化学秋季上A2服务,通用,4,4,480,480,120.0,"	0.00",A2,A2,A体系,A体系,学习机托管九年级化学秋季上A2服务,HX秋季智慧学习空间9A,否,,连季续,中考,九年级,九年级,800.00,罗志莉(438844),HXZH9B27002B,秋季上,秋季上,正常,2026-09-06,2026-09-06,已审核,"走读,在线","常规面授,在线录播",在线录播,智慧学习机,0,2026-08-18,周日08:30-10:30,"有教材,开课前领取",2026-09-27,1,学习机托管(智慧),大润发301教室,大润发301教室,班级刷卡,20人,学习机托管,大润发教学区,2026-09-27,8,10,中考化学
"国外考试部",全科,"AMC10,AMC12",,AMC2702,AMC课程（AMC10）,AMC课程（AMC8）,非标班型（英联邦）,10,10,1200,1200,120.0,"	0.00",学术课程,学术课程,常规体系,常规体系,AMC课程,AMC课程,否,,可续,,,,4980.00,潘志杰(400685),,"春季,暑假,秋季,寒假",,正常,2026-10-01,2026-10-01,已审核,"走读,在线","常规面授,在线直播",在线直播,云教室小班（25人以下）,10,2026-08-10,"8.26-8.28下午13:30-15:30上课，秋季每周五18:30-20:30 ",无教材,2026-10-30,4,国外考试部,芙蓉广场教学区,芙蓉广场16-A11教室,班级刷卡,6人,国外考试部,芙蓉广场教学区,2026-10-30,3,4,
"国外考试部",全科,"阅读,写作,听力,口语",,YD2702,雅思单项班（写作）,雅思单项班（版本1）,IELTS进阶班,8,8,960,960,120.0,"	0.00",IELTS,IELTS,常规体系,常规体系,雅思单项班,雅思单项班,否,,可续,,,,4800.00,彭璐璐(200780),,"春季,暑假,秋季,寒假",,正常,2026-10-18,2026-10-18,已审核,"走读,在线","常规面授,在线直播",在线直播,云教室小班（25人以下）,10,2026-08-22,周日10:30-12:30（11月22日不上课）,无教材,2026-12-13,0,国外考试部,芙蓉,芙蓉广场16-A1教室,班级刷卡,6人,国外考试部,芙蓉广场教学区,2026-12-13,3,4,
"智慧学习部",数学,数学,数学,SXZH7A270100,SX暑假智慧学习空间7A,学习机托管七年级数学暑假A2服务,通用,12,12,1440,1440,120.0,"	0.00",A2,A2,A体系,A体系,学习机托管七年级数学暑假A2服务,SX暑假智慧学习空间7A,否,,连季续,初一,七年级,七年级,2400.00,张浩然(703458),,暑假,暑假,正常,2026-08-12,2026-08-12,已审核,"走读,在线","常规面授,在线录播",在线录播,智慧学习机,20,2026-08-03,每天13:50-15:50,"有教材,开课前领取",2026-08-23,14,学习机托管(智慧),东塘02自习室,东塘02自习室,班级刷卡,20人,学习机托管,东塘智慧空间,2026-08-23,8,12,初一数学
"智慧学习部",英语,英语,英语,YYZH7A27089,YY暑假智慧学习空间7A,学习机托管七年级英语暑假A2服务,通用,12,12,1440,1440,120.0,"	0.00",A2,A2,A体系,A体系,学习机托管七年级英语暑假A2服务,YY暑假智慧学习空间7A,否,,连季续,初一,七年级,七年级,2400.00,李琴(703452),,暑假,暑假,正常,2026-08-12,2026-08-12,已审核,"走读,在线","常规面授,在线录播",在线录播,智慧学习机,20,2026-08-03,每天08:30-10:30,"有教材,开课前领取",2026-08-23,21,学习机托管(智慧),东塘03自习室,东塘03自习室,班级刷卡,20人,学习机托管,东塘智慧空间,2026-08-23,8,12,初一英语
"高中班级部",英语,英语,英语,GYB3800,高一英语秋季志高班,十年级英语秋季B1班（面授）,通用,18,18,2160,2160,120.0,"	0.00",B1,B1,B体系,B体系,十年级英语秋季B1班,高一英语秋季志高班,否,,连季续,高一,十年级,高一,3420.00,谭茜(120882),,秋季,秋季,正常,2026-09-06,2026-09-06,已审核,走读,常规面授,常规面授,,40,2026-08-07,周日10:20-12:20,"有教材,开课前领取",2026-12-27,11,高中部,东塘212教室,东塘212教室,班级刷卡,25人,本地班课,东塘教学区,2026-12-27,10,15,高一英语
"素养智学部",书法,书法,书法,XZ127C0011,素质成长营（写字1）（寒）,S3书法寒假ZT1班（默认线下1）,通用,9,9,810,810,90.0,"	0.00",ZT1,ZT1,专项体系,专项体系,S3书法寒假ZT1班,S3书法寒假ZT1班,否,,不可续,S3,S3,S3,877.50,廖思年(342029),,寒假,寒假,正常,2027-01-09,2027-01-09,已审核,走读,常规面授,常规面授,,15,2026-08-08,每天18:40-20:10,"有教材,开课前领取",2027-01-17,0,素养素质(智学),月亮岛303教室,月亮岛303教室,班级刷卡,12人,素质,月亮岛教学区,2027-01-17,7,8,书法1
"国外考试部",全科,"阅读,写作,词汇,听力,口语,语法",,ZYG2716,剑桥雅思真题精讲班,剑桥雅思真题精讲班（FY25）,IELTS直通车,24,24,2880,2880,120.0,266.00,IELTS,IELTS,常规体系,常规体系,剑桥雅思真题精讲班,剑桥雅思真题精讲班,否,,可续,,,,8800.00,,,"春季,暑假,秋季,寒假",,正常,2026-09-12,2026-09-12,已审核,"走读,在线","常规面授,在线直播",在线直播,云教室小班（25人以下）,10,2026-08-15,"周六13:30-15:30,15:40-17:40","有教材,开课前领取",2026-12-05,2,国外考试部,芙蓉,芙蓉广场16-A10教室,班级刷卡,6人,国外考试部,芙蓉广场教学区,2026-12-05,3,4,
"素养智学部",脑力与思维,脑力与思维,脑力与思维,SW427B0820A,脑力思维4B(秋),脑力与思维L4秋季上B1班,通用,4,4,440,440,110.0,"	0.00",L4,L4,常规体系,常规体系,脑力与思维L4秋季上B1班,四年级脑力与思维秋季上L4班,否,,连季续,四年级,四年级,四年级,800.00,杨之薇(398981),SW427B0820B,秋季上,秋季上,正常,2026-09-03,2026-09-03,已审核,走读,常规面授,常规面授,,18,2026-08-19,周四18:40-20:30,"有教材,开课前领取",2026-09-24,12,素养素质(智学),二十四品302教室,二十四品302教室,班级刷卡,15人,素养,二十四品教学区,2026-09-24,10,12,思维4
"素养智学部",脑力与思维,脑力与思维,脑力与思维,SW427B0820B,脑力思维4B(秋),脑力与思维L4秋季下B1班,通用,12,12,1320,1320,110.0,"	0.00",L4,L4,常规体系,常规体系,脑力与思维L4秋季下B1班,四年级脑力与思维秋季下L4班,否,,连季续,四年级,四年级,四年级,2400.00,杨之薇(398981),SW427B0820A,秋季下,秋季下,正常,2026-10-08,2026-10-08,已审核,走读,常规面授,常规面授,,18,2026-08-19,周四18:40-20:30,"有教材,开课前领取",2026-12-24,12,素养素质(智学),二十四品302教室,二十四品302教室,班级刷卡,15人,素养,二十四品教学区,2026-12-24,10,12,思维4
"素养智学部",脑力与思维,脑力与思维,脑力与思维,SW527B0819B,脑力思维5B（秋）,脑力与思维L5秋季下B1班,通用,12,12,1320,1320,110.0,"	0.00",L5,L5,常规体系,常规体系,脑力与思维L5秋季下B1班,五年级脑力与思维秋季下L5班,否,,连季续,五年级,五年级,五年级,2400.00,黄玉婷(684433),SW527B0819A,秋季下,秋季下,正常,2026-10-07,2026-10-10,已审核,走读,常规面授,常规面授,,18,2026-08-19,周六13:50-15:40,"有教材,开课前领取",2026-12-26,14,素养素质(智学),月亮岛204教室,月亮岛204教室,班级刷卡,15人,素养,月亮岛教学区,2026-12-26,10,12,思维5
"素养智学部",脑力与思维,脑力与思维,脑力与思维,SW527B0819A,脑力思维5B（秋）,脑力与思维L5秋季上B1班,通用,4,4,440,440,110.0,"	0.00",L5,L5,常规体系,常规体系,脑力与思维L5秋季上B1班,五年级脑力与思维秋季上L5班,否,,连季续,五年级,五年级,五年级,800.00,黄玉婷(684433),SW527B0819B,秋季上,秋季上,正常,2026-09-05,2026-09-05,已审核,走读,常规面授,常规面授,,18,2026-08-19,周六13:50-15:40,"有教材,开课前领取",2026-09-26,15,素养素质(智学),月亮岛204教室,月亮岛204教室,班级刷卡,15人,素养,月亮岛教学区,2026-09-26,10,12,思维5
"素养智学部",脑力与思维,脑力与思维,脑力与思维,SW4B270001A,脑力思维4A小组课(秋),脑力与思维L4秋季上A2班（小组课）,通用,4,4,440,440,110.0,"	0.00",L4,L4,常规体系,常规体系,脑力与思维L4秋季上A2班,四年级脑力与思维秋季上L4班,否,,连季续,四年级,四年级,四年级,1210.00,陈炣均(706984),SW427B0818B,秋季上,秋季上,正常,2026-09-04,2026-09-04,已审核,走读,常规面授,常规面授,,8,2026-08-18,周五18:30-20:20,"有教材,开课前领取",2026-09-22,3,素养素质(智学),雨花家园209教室,雨花家园209教室,班级刷卡,8人,素养,雨花家园教学区,2026-09-25,4,5,
"素养智学部",脑力与思维,脑力与思维,脑力与思维,SW4B270001B,脑力思维4A小组课(秋),脑力与思维L4秋季下A2班（小组课）,通用,12,12,1320,1320,110.0,"	0.00",L4,L4,常规体系,常规体系,脑力与思维L4秋季下A2班,四年级脑力与思维秋季下L4班,否,,连季续,四年级,四年级,四年级,3630.00,陈炣均(706984),SW427B0818A,秋季下,秋季下,正常,2026-10-09,2026-10-16,已审核,走读,常规面授,常规面授,,8,2026-08-18,周五18:30-20:20,"有教材,开课前领取",2027-01-08,3,素养素质(智学),雨花家园209教室,雨花家园209教室,班级刷卡,8人,素养,雨花家园教学区,2026-12-25,4,5,
"素养智学部",脑力与思维,脑力与思维,脑力与思维,SW427B0750B,脑力思维4B（秋）,脑力与思维L4秋季下B1班,通用,12,12,1320,1320,110.0,"	0.00",L4,L4,常规体系,常规体系,脑力与思维L4秋季下B1班,四年级脑力与思维秋季下L4班,否,,连季续,四年级,四年级,四年级,2400.00,谭欣佳(158017),SW427B0750A,秋季下,秋季下,正常,2026-10-11,2026-10-11,已审核,走读,常规面授,常规面授,,15,2026-08-13,周日10:40-12:30,"有教材,开课前领取",2026-12-27,10,素养素质(智学),吉联mall310教室,吉联mall310教室,班级刷卡,15人,素养,吉联mall教学区,2026-12-27,10,12,思维4
"智慧学习部",英语,英语,英语,YYZH7B27025A,YY秋季智慧学习空间7A,学习机托管七年级英语秋季上A2服务,通用,4,4,480,480,120.0,"	0.00",A2,A2,A体系,A体系,学习机托管七年级英语秋季上A2服务,YY秋季智慧学习空间7A,否,,连季续,初一,七年级,七年级,800.00,曹安祁(714078),YYZH7B27025B,秋季上,秋季上,正常,2026-09-06,2026-09-06,已审核,"走读,在线","常规面授,在线录播",在线录播,智慧学习机,20,2026-08-18,周日13:50-15:50,"有教材,开课前领取",2026-09-27,16,学习机托管(智慧),大润发303教室,大润发303教室,班级刷卡,20人,学习机托管,大润发教学区,2026-09-27,8,12,初一英语
"智慧学习部",英语,英语,英语,YYZH7B27025B,YY秋季智慧学习空间7A,学习机托管七年级英语秋季下A2服务,通用,12,12,1440,1440,120.0,"	0.00",A2,A2,A体系,A体系,学习机托管七年级英语秋季下A2服务,YY秋季智慧学习空间7A,否,,连季续,初一,七年级,七年级,2400.00,曹安祁(714078),YYZH7B27025A,秋季下,秋季下,正常,2026-10-18,2026-10-18,已审核,"走读,在线","常规面授,在线录播",在线录播,智慧学习机,20,2026-08-18,周日13:50-15:50,"有教材,开课前领取",2027-01-03,16,学习机托管(智慧),大润发303教室,大润发303教室,班级刷卡,20人,学习机托管,大润发教学区,2027-01-03,8,12,初一英语
"智慧学习部",语文,语文,语文,YWZH7B27022B,YW秋季智慧学习空间7B,学习机托管七年级语文秋季下B1服务,通用,12,12,1440,1440,120.0,"	0.00",B1,B1,B体系,B体系,学习机托管七年级语文秋季下B1服务,YW秋季智慧学习空间7B,否,,连季续,初一,七年级,七年级,2400.00,陈舒颖(703443),YWZH7B27022A,秋季下,秋季下,正常,2026-10-18,2026-10-18,已审核,"走读,在线","常规面授,在线录播",在线录播,智慧学习机,20,2026-08-18,周日08:30-10:30,"有教材,开课前领取",2027-01-03,8,学习机托管(智慧),大润发301教室,大润发301教室,班级刷卡,20人,学习机托管,大润发教学区,2027-01-03,8,12,初一语文
"智慧学习部",语文,语文,语文,YWZH7B27022A,YW秋季智慧学习空间7B,学习机托管七年级语文秋季上B1服务,通用,4,4,480,480,120.0,"	0.00",B1,B1,B体系,B体系,学习机托管七年级语文秋季上B1服务,YW秋季智慧学习空间7B,否,,连季续,初一,七年级,七年级,800.00,陈舒颖(703443),YWZH7B27022B,秋季上,秋季上,正常,2026-09-06,2026-09-06,已审核,"走读,在线","常规面授,在线录播",在线录播,智慧学习机,20,2026-08-18,周日08:30-10:30,"有教材,开课前领取",2026-09-27,8,学习机托管(智慧),大润发301教室,大润发301教室,班级刷卡,20人,学习机托管,大润发教学区,2026-09-27,8,12,初一语文
"智慧学习部",英语,英语,英语,YYZH7B2700100B,取消YY秋季智慧学习空间7A,取消学习机托管七年级英语秋季下A2服务,通用,12,0,1440,1440,120.0,"	0.00",A2,A2,A体系,A体系,学习机托管七年级英语秋季下A2服务,YY秋季智慧学习空间7A,否,,连季续,初一,七年级,七年级,2400.00,曹安祁(714078),YYZH7B2700100A,秋季下,秋季下,取消班,2026-10-18,,已审核,"走读,在线","常规面授,在线录播",在线录播,智慧学习机,0,2026-08-18,周日13:50-15:50,"有教材,开课前领取",,0,学习机托管(智慧),大润发303教室,大润发303教室,班级刷卡,20人,学习机托管,大润发教学区,2027-01-03,8,12,初一英语
"智慧学习部",英语,英语,英语,YYZH7B2700100A,取消YY秋季智慧学习空间7A,取消学习机托管七年级英语秋季上A2服务,通用,4,0,480,480,120.0,"	0.00",A2,A2,A体系,A体系,学习机托管七年级英语秋季上A2服务,YY秋季智慧学习空间7A,否,,连季续,初一,七年级,七年级,800.00,曹安祁(714078),YYZH7B2700100B,秋季上,秋季上,取消班,2026-09-06,,已审核,"走读,在线","常规面授,在线录播",在线录播,智慧学习机,0,2026-08-18,周日13:50-15:50,"有教材,开课前领取",,0,学习机托管(智慧),大润发303教室,大润发303教室,班级刷卡,20人,学习机托管,大润发教学区,2026-09-27,8,12,初一英语
"智慧学习部",语文,语文,语文,YWZH7B27000170B,取消YW秋季智慧学习空间7B,取消学习机托管七年级语文秋季下B1服务,通用,12,0,1440,1440,120.0,"	0.00",B1,B1,B体系,B体系,学习机托管七年级语文秋季下B1服务,YW秋季智慧学习空间7B,否,,连季续,初一,七年级,七年级,2400.00,陈舒颖(703443),YWZH7B27000170A,秋季下,秋季下,取消班,2026-10-18,,已审核,"走读,在线","常规面授,在线录播",在线录播,智慧学习机,0,2026-08-18,周日08:30-10:30,"有教材,开课前领取",,0,学习机托管(智慧),大润发301教室,大润发301教室,班级刷卡,20人,学习机托管,大润发教学区,2027-01-03,8,12,初一语文
"智慧学习部",化学,化学,化学,HXZH9B2702B,取消HX秋季智慧学习空间9A,取消学习机托管九年级化学秋季下A2服务,通用,12,0,1440,1440,120.0,"	0.00",A2,A2,A体系,A体系,学习机托管九年级化学秋季下A2服务,HX秋季智慧学习空间9A,否,,连季续,中考,九年级,九年级,2400.00,罗志莉(438844),HXZH9B2702A,秋季下,秋季下,取消班,2026-10-18,,已审核,"走读,在线","常规面授,在线录播",在线录播,智慧学习机,0,2026-08-18,周日08:30-10:30,"有教材,开课前领取",,0,学习机托管(智慧),大润发301教室,大润发301教室,班级刷卡,20人,学习机托管,大润发教学区,2027-01-03,8,10,中考化学
"智慧学习部",语文,语文,语文,YWZH7B27000170A,取消YW秋季智慧学习空间7B,取消学习机托管七年级语文秋季上B1服务,通用,4,0,480,480,120.0,"	0.00",B1,B1,B体系,B体系,学习机托管七年级语文秋季上B1服务,YW秋季智慧学习空间7B,否,,连季续,初一,七年级,七年级,800.00,陈舒颖(703443),YWZH7B27000170B,秋季上,秋季上,取消班,2026-09-06,,已审核,"走读,在线","常规面授,在线录播",在线录播,智慧学习机,0,2026-08-18,周日08:30-10:30,"有教材,开课前领取",,0,学习机托管(智慧),大润发301教室,大润发301教室,班级刷卡,20人,学习机托管,大润发教学区,2026-09-27,8,12,初一语文
"智慧学习部",化学,化学,化学,HXZH9B2702A,取消HX秋季智慧学习空间9A,取消学习机托管九年级化学秋季上A2服务,通用,4,0,480,480,120.0,"	0.00",A2,A2,A体系,A体系,学习机托管九年级化学秋季上A2服务,HX秋季智慧学习空间9A,否,,连季续,中考,九年级,九年级,800.00,罗志莉(438844),HXZH9B2702B,秋季上,秋季上,取消班,2026-09-06,,已审核,"走读,在线","常规面授,在线录播",在线录播,智慧学习机,0,2026-08-18,周日08:30-10:30,"有教材,开课前领取",,0,学习机托管(智慧),大润发301教室,大润发301教室,班级刷卡,20人,学习机托管,大润发教学区,2026-09-27,8,10,中考化学
"国外考试部",全科,"阅读,写作,听力,口语",,GYBF2011A,Global Primary外语2A,Global Primary外语2A 上（FY26）,Global Primary 英语,8,8,960,960,120.0,120.00,国际教育,国际教育,常规体系,常规体系,Global Primary外语2A 上,Global Primary外语2A 上,否,,可续,,,,3300.00,曹婷(652742),,"春季,暑假,秋季,寒假",,正常,2027-01-08,2027-01-08,已审核,"走读,在线","常规面授,在线直播",在线直播,云教室小班（25人以下）,0,2026-08-18,春秋季周五18:30-20:30，寒暑假集中上课,"有教材,开课前领取",2027-02-19,0,国际教育青少部,八方24品,八方302教室,班级刷卡,6人,国外考试部,八方24品教学区,2027-03-05,3,4,
"国外考试部",全科,"阅读,写作,听力,口语",,GYBF2011D,Global Primary外语2D,Global Primary外语2B 下（FY26）,Global Primary 英语,16,16,1920,1920,120.0,120.00,国际教育,国际教育,常规体系,常规体系,Global Primary外语2B 下,Global Primary外语2B 下,否,,可续,,,,6600.00,曹婷(652742),,"春季,暑假,秋季,寒假",,正常,2027-09-03,2027-09-03,已审核,"走读,在线","常规面授,在线直播",在线直播,云教室小班（25人以下）,0,2026-08-18,"春秋季周五18:30-20:30，寒暑假集中上课 ","有教材,开课前领取",2027-12-17,0,国际教育青少部,"八方24品 ",八方302教室,班级刷卡,6人,国外考试部,八方24品教学区,2027-12-17,3,4,
"国外考试部",全科,"阅读,写作,听力,口语",,GYBF2011C,Global Primary外语2C,Global Primary外语2B 上（FY26）,Global Primary 英语,8,8,960,960,120.0,120.00,国际教育,国际教育,常规体系,常规体系,Global Primary外语2B 上,Global Primary外语2B 上,否,,可续,,,,3300.00,曹婷(652742),,"春季,暑假,秋季,寒假",,正常,2027-07-14,2027-07-14,已审核,"走读,在线","常规面授,在线直播",在线直播,云教室小班（25人以下）,0,2026-08-18,"	
春秋季周五18:30-20:30，寒暑假集中上课","有教材,开课前领取",2027-07-22,0,国际教育青少部,"八方24品 ",八方302教室,班级刷卡,6人,国外考试部,八方24品教学区,2027-07-22,3,4,
"国外考试部",全科,"阅读,写作,听力,口语",,GYBF2011B,Global Primary外语2B,Global Primary外语2A 下（FY26）,Global Primary 英语,16,16,1920,1920,120.0,120.00,国际教育,国际教育,常规体系,常规体系,Global Primary外语2A 下,Global Primary外语2A 下,否,,可续,,,,6600.00,曹婷(652742),,"春季,暑假,秋季,寒假",,正常,2027-02-26,2027-02-26,已审核,"走读,在线","常规面授,在线直播",在线直播,云教室小班（25人以下）,0,2026-08-18,春秋季周五18:30-20:30，寒暑假集中上课,"有教材,开课前领取",2027-06-11,0,国际教育青少部,八方24品,八方302教室,班级刷卡,6人,国外考试部,八方24品教学区,2027-06-11,3,4,
"素养智学部",科创,科创,机器人编程,SZ27AJQ182,机器人S2（暑）,机器人编程S1-4段暑假班,通用,10,10,900,900,90.0,"	0.00",S1,S1,常规体系,常规体系,科创S1-4段暑假班,机器人编程S1-4段暑假班,否,,连季续,S1,S1,S1,1800.00,易志强(653504),,暑假,暑假,正常,2026-08-18,2026-08-18,已审核,"走读,在线","常规面授,在线直播",在线直播,云教室小班（25人以下）,12,2026-08-04,每天10:40-12:10（上5休1）,"有教材,开课前领取",2026-08-30,4,素养素质(智学),西子花苑旗舰店202教室,西子花苑旗舰店202教室,班级刷卡,12人,素质,西子花苑旗舰店教学区,2026-08-28,8,10,机器人编程S2
"国外考试部",全科,"阅读,写作,听力,口语",,GYBF1023C,Global Primary外语1C,Global Primary外语1B 上（FY26）,Global Primary 英语,8,8,960,960,120.0,120.00,国际教育,国际教育,常规体系,常规体系,Global Primary外语1B 上,Global Primary外语1B 上,否,,可续,,,,3300.00,王佳卉(369072),,"春季,暑假,秋季,寒假",,正常,2027-02-27,2027-02-27,已审核,"走读,在线","常规面授,在线直播",在线直播,云教室小班（25人以下）,10,2026-08-13,春秋季周六10:30-12:30，寒暑假集中上课,"有教材,开课前领取",2027-04-24,6,国际教育青少部,八方24品教学区,八方209教室,班级刷卡,6人,国外考试部,八方24品教学区,2027-04-24,3,4,
"国外考试部",全科,"阅读,写作,听力,口语",,GYBF1023A,Global Primary外语1A,Global Primary外语1A 上（FY26）,Global Primary 英语,8,8,960,960,120.0,120.00,国际教育,国际教育,常规体系,常规体系,Global Primary外语1A 上,Global Primary外语1A 上,否,,可续,,,,3300.00,王佳卉(369072),,"春季,暑假,秋季,寒假",,正常,2026-09-12,2026-09-12,已审核,"走读,在线","常规面授,在线直播",在线直播,云教室小班（25人以下）,10,2026-08-13,春秋季周六10:30-12:30，寒暑假集中上课,"有教材,开课前领取",2026-11-07,6,国际教育青少部,八方24品教学区,八方303教室,班级刷卡,6人,国外考试部,八方24品教学区,2026-11-07,3,4,
"国外考试部",全科,"阅读,写作,听力,口语",,GYBF1023D,Global Primary外语1D,Global Primary 外语1B 下（FY26）,Global Primary 英语,16,16,1920,1920,120.0,120.00,国际教育,国际教育,常规体系,常规体系,Global Primary外语1B 下,Global Primary 外语1B 下,否,,可续,,,,6600.00,王佳卉(369072),,"春季,暑假,秋季,寒假",,正常,2027-05-04,2027-05-04,已审核,"走读,在线","常规面授,在线直播",在线直播,云教室小班（25人以下）,10,2026-08-13,春秋季周六10:30-12:30，寒暑假集中上课,"有教材,开课前领取",2027-07-13,6,国际教育青少部,八方24品教学区,八方303教室,班级刷卡,6人,国外考试部,八方24品教学区,2027-07-13,3,4,
"国外考试部",全科,"阅读,写作,听力,口语",,GYBF1023B,Global Primary外语1B,Global Primary外语1A 下（FY26）,Global Primary 英语,16,16,1920,1920,120.0,120.00,国际教育,国际教育,常规体系,常规体系,Global Primary外语1A 下,Global Primary外语1A 下,否,,可续,,,,6600.00,王佳卉(369072),,"春季,暑假,秋季,寒假",,正常,2026-11-14,2026-11-14,已审核,"走读,在线","常规面授,在线直播",在线直播,云教室小班（25人以下）,10,2026-08-13,春秋季周六10:30-12:30，寒暑假集中上课,"有教材,开课前领取",2027-01-25,6,国际教育青少部,八方24品教学区,八方310教室,班级刷卡,6人,国外考试部,八方24品教学区,2027-01-25,3,4,
"素养智学部",双语故事表演,双语故事表演,双语故事表演,PM127B0747B,双语绘本1C+领航班（秋）,双语故事表演L1秋季下C1班（C+）,通用,12,12,1320,1320,110.0,"	0.00",L1,L1,常规体系,常规体系,双语故事表演L1秋季下C1班,一年级双语故事表演秋季下L1班,否,,连季续,一年级,一年级,一年级,2520.00,胡晓洁(443728),PM127B0747A,秋季下,秋季下,正常,2026-10-11,2026-10-11,已审核,走读,常规面授,常规面授,,15,2026-08-15,周日08:30-10:20,"有教材,开课前领取",2026-12-27,14,素养素质(智学),西子花苑旗舰店203教室,西子花苑旗舰店203教室,班级刷卡,15人,素养,西子花苑旗舰店教学区,2026-12-27,10,12,分级阅读1
"素养智学部",英语,英语,英语,YYZH6A0728,双语智慧6A（暑）,六年级英语暑假A2服务（默认A）,通用,10,10,1200,1200,120.0,"	0.00",TG,TG,常规体系,常规体系,六年级英语暑假A2服务,六年级英语A暑假智慧学习空间,否,,连季续,六年级(小学),六年级,六年级,2000.00,陈圆苑(681745),,暑假,暑假,正常,2026-08-18,2026-08-18,已审核,"走读,在线","常规面授,在线录播",在线录播,智慧学习机,24,2026-08-08,每天13:50-15:50(上5休1）,"有教材,开课前领取",2026-08-28,9,学习机托管(智学),时光汇01自习室,时光汇01自习室,班级刷卡,20人,学习机托管,时光汇教学区,2026-08-28,8,12,六年级英语
"素养智学部",双语故事表演,双语故事表演,双语故事表演,PM127B0756B,双语绘本1C+领航班（秋）,双语故事表演L1秋季下C1班（C+）,通用,12,12,1320,1320,110.0,"	0.00",L1,L1,常规体系,常规体系,双语故事表演L1秋季下C1班,一年级双语故事表演秋季下L1班,否,,连季续,一年级,一年级,一年级,2520.00,陈静(365957),PM127B0756A,秋季下,秋季下,正常,2026-10-07,2026-10-10,已审核,走读,常规面授,常规面授,,15,2026-08-13,周六10:40-12:30,"有教材,开课前领取",2026-12-26,10,素养素质(智学),东塘201教室,东塘201教室,班级刷卡,15人,素养,东塘教学区,2026-12-26,10,12,分级阅读1
"素养智学部",双语故事表演,双语故事表演,双语故事表演,PM127B0756A,双语绘本1C+领航班（秋）,双语故事表演L1秋季上C1班（C+）,通用,4,4,440,440,110.0,"	0.00",L1,L1,常规体系,常规体系,双语故事表演L1秋季上C1班,一年级双语故事表演秋季上L1班,否,,连季续,一年级,一年级,一年级,840.00,陈静(365957),PM127B0756B,秋季上,秋季上,正常,2026-09-05,2026-09-05,已审核,走读,常规面授,常规面授,,15,2026-08-13,周六10:40-12:30,"有教材,开课前领取",2026-09-26,10,素养素质(智学),东塘201教室,东塘201教室,班级刷卡,15人,素养,东塘教学区,2026-09-26,10,12,分级阅读1
"素养智学部",脑力与思维,脑力与思维,脑力与思维,SW427A0750,脑力思维4B（暑）,脑力与思维L4暑假B1班,通用,10,10,1100,1100,110.0,"	0.00",L4,L4,常规体系,常规体系,脑力与思维L4暑假B1班,四年级脑力与思维暑假L4班,否,,连季续,四年级,四年级,四年级,2000.00,谭欣佳(158017),,暑假,暑假,正常,2026-08-18,2026-08-18,已审核,走读,常规面授,常规面授,,15,2026-08-13,每天10:40-12:30(上5休1）,"有教材,开课前领取",2026-08-28,9,素养素质(智学),吉联mall310教室,吉联mall310教室,班级刷卡,15人,素养,吉联mall教学区,2026-08-28,10,12,思维4
"素养智学部",英语,英语,英语,GJZH27A030,国际语音,学习机托管三年级英语暑假ZT1服务,通用,10,10,1200,1200,120.0,"	0.00",ZT1,ZT1,专项体系,专项体系,学习机托管三年级英语暑假ZT1服务,三年级英语暑假专题班,否,,不可续,三年级,三年级,三年级,2000.00,杨晴(707014),,暑假,暑假,正常,2026-08-18,2026-08-18,已审核,走读,常规面授,常规面授,,16,2026-08-13,每天16:00-18:00(上5休1）,"有教材,开课前领取",2026-08-28,5,学习机托管(智学),钰龙天下303教室,钰龙天下303教室,班级刷卡,20人,学习机托管,钰龙天下教学区,2026-08-28,12,14,专项音标
"素养智学部",科创,科创,机器人编程,SZ27AJQ181,机器人L1（暑）,机器人编程S3-4段暑假班,通用,10,10,900,900,90.0,"	0.00",S3,S3,常规体系,常规体系,科创S3-4段暑假班,S3机器人编程暑假S3班,否,,连季续,S3,S3,S3,1800.00,张智博(411871),,暑假,暑假,正常,2026-08-18,2026-08-18,已审核,"走读,在线","常规面授,在线直播",在线直播,云教室小班（25人以下）,12,2026-08-04,每天10:40-12:10（上5休1）,"有教材,开课前领取",2026-08-28,5,素养素质(智学),梅岭国际211教室,梅岭国际211教室,班级刷卡,12人,素质,梅岭国际教学区,2026-08-28,8,10,机器人编程S3
"素养智学部",双语故事表演,双语故事表演,双语故事表演,PMS327A0053,双语绘本K（暑）,双语故事表演S3暑假B1班,通用,10,10,900,900,90.0,"	0.00",S3,S3,常规体系,常规体系,双语故事表演S3暑假B1班,S3双语故事表演暑假S3班,否,,连季续,S3,S3,S3,1575.00,周梓玉(634367),,暑假,暑假,正常,2026-08-18,2026-08-18,已审核,走读,常规面授,常规面授,,15,2026-08-12,每天16:00-17:30,"有教材,开课前领取",2026-08-28,10,素养素质(智学),时光汇202教室,时光汇202教室,班级刷卡,15人,素养,时光汇教学区,2026-08-28,10,12,分级阅读K
"国外考试部",英语,英语,,GYSY02019B,Global Primary 英语 Prep 2B,Global Primary 英语 Prep 2B（Prep 2B）,Global Primary 英语,48,48,2880,2880,60.0,120.00,国际教育,国际教育,常规体系,常规体系,Global Primary 英语 Prep 2B,Global Primary 英语 Prep 2B,否,,可续,,,,9900.00,戴莎(616592),,"春季,暑假,秋季,寒假",,正常,2027-07-05,2027-07-05,已审核,"走读,在线","常规面授,在线直播",在线直播,云教室小班（25人以下）,0,2026-08-05,秋季每周六10:30-12:30，暑假集中上课,"有教材,开课前领取",2027-12-18,0,国际教育青少部,芙蓉广场,芙蓉广场5-10教室,班级刷卡,6人,国外考试部,芙蓉广场教学区,2027-12-18,3,4,
"国外考试部",英语,英语,,GYDT02019B,Global Primary 英语 Prep 2B,Global Primary 英语 Prep 2B（Prep 2B）,Global Primary 英语,48,48,2880,2880,60.0,120.00,国际教育,国际教育,常规体系,常规体系,Global Primary 英语 Prep 2B,Global Primary 英语 Prep 2B,否,,可续,,,,9900.00,戴莎(616592),,"春季,暑假,秋季,寒假",,正常,2027-07-05,2027-07-05,已审核,"走读,在线","常规面授,在线直播",在线直播,云教室小班（25人以下）,0,2026-08-05,"春秋季周六13:30-15:30，寒暑集中上课 ","有教材,开课前领取",2027-12-18,0,国际教育青少部,东塘中设广场,东塘A7教室,班级刷卡,6人,国外考试部,东塘中设广场教学区,2027-12-18,3,4,
"国外考试部",英语,英语,,GYDT02020B,Global Primary 英语 Prep 2B,Global Primary 英语 Prep 2B（Prep 2B）,Global Primary 英语,48,48,2880,2880,60.0,120.00,国际教育,国际教育,常规体系,常规体系,Global Primary 英语 Prep 2B,Global Primary 英语 Prep 2B,否,,可续,,,,9900.00,戴莎(616592),,"春季,暑假,秋季,寒假",,正常,2027-07-05,2027-07-05,已审核,"走读,在线","常规面授,在线直播",在线直播,云教室小班（25人以下）,0,2026-08-07,"春秋周六16:00-18:00，寒暑集中上课 ","有教材,开课前领取",2027-12-18,0,国际教育青少部,东塘中设广场,东塘A8教室,班级刷卡,6人,国外考试部,东塘中设广场教学区,2027-12-18,3,4,
"国外考试部",英语,英语,,GYDT01026B,Global Primary 英语 Prep 1B,Global Primary 英语 Prep 1B（Prep 1B）,Global Primary 英语,48,48,2880,2880,60.0,120.00,国际教育,国际教育,常规体系,常规体系,Global Primary 英语 Prep 1B,Global Primary 英语 Prep 1B,否,,可续,,,,9900.00,唐茜(660071),,"春季,暑假,秋季,寒假",,正常,2027-07-05,2027-07-05,已审核,"走读,在线","常规面授,在线直播",在线直播,云教室小班（25人以下）,0,2026-08-07,"	
春秋季周六16:00-18:00，寒暑假集中上课 ","有教材,开课前领取",2027-12-18,0,国际教育青少部,东塘中设广场,东塘A7教室,班级刷卡,6人,国外考试部,东塘中设广场教学区,2027-12-18,3,4,
"国外考试部",全科,"阅读,写作,听力,口语",,GYBF2009C,Global Primary外语2C,Global Primary外语2B 上（FY26）,Global Primary 英语,8,8,960,960,120.0,120.00,国际教育,国际教育,常规体系,常规体系,Global Primary外语2B 上,Global Primary外语2B 上,否,,可续,,,,3300.00,戴甜(661131),,"春季,暑假,秋季,寒假",,正常,2027-07-05,2027-07-05,已审核,"走读,在线","常规面授,在线直播",在线直播,云教室小班（25人以下）,0,2026-08-07,"春秋季周六16:00-18:00，寒暑假集中上课  ","有教材,开课前领取",2027-07-13,0,国际教育青少部,八方24品,八方303教室,班级刷卡,6人,国外考试部,八方24品教学区,2027-07-13,3,4,
"国外考试部",英语,英语,,GYSY01032B,Global Primary 英语 Prep 1B,Global Primary 英语 Prep 1B（Prep 1B）,Global Primary 英语,48,48,2880,2880,60.0,120.00,国际教育,国际教育,常规体系,常规体系,Global Primary 英语 Prep 1B,Global Primary 英语 Prep 1B,否,,可续,,,,9900.00,文萱妮(638361),,"春季,暑假,秋季,寒假",,正常,2027-08-13,2027-08-13,已审核,"走读,在线","常规面授,在线直播",在线直播,云教室小班（25人以下）,0,2026-08-07,"春秋季周日16:00-18:00，寒暑假集中上课 ","有教材,开课前领取",2027-12-19,0,国际教育青少部,芙蓉广场,芙蓉广场5-03教室,班级刷卡,6人,国外考试部,芙蓉广场教学区,2027-12-19,3,4,
"国外考试部",全科,"阅读,写作,听力,口语",,GYBF2009B,Global Primary外语2B,Global Primary外语2A 下（FY26）,Global Primary 英语,16,16,1920,1920,120.0,120.00,国际教育,国际教育,常规体系,常规体系,Global Primary外语2A 下,Global Primary外语2A 下,否,,可续,,,,6600.00,戴甜(661131),,"春季,暑假,秋季,寒假",,正常,2027-02-27,2027-02-27,已审核,"走读,在线","常规面授,在线直播",在线直播,云教室小班（25人以下）,0,2026-08-07,"春秋季周六16:00-18:00，寒暑假集中上课 ","有教材,开课前领取",2027-06-12,0,国际教育青少部,八方24品,八方303教室,班级刷卡,6人,国外考试部,八方24品教学区,2027-06-12,3,4,
"国外考试部",全科,"阅读,写作,听力,口语",,GYBF2009D,Global Primary外语2D,Global Primary外语2B 下（FY26）,Global Primary 英语,16,16,1920,1920,120.0,120.00,国际教育,国际教育,常规体系,常规体系,Global Primary外语2B 下,Global Primary外语2B 下,否,,可续,,,,6600.00,戴甜(661131),,"春季,暑假,秋季,寒假",,正常,2027-09-04,2027-09-04,已审核,"走读,在线","常规面授,在线直播",在线直播,云教室小班（25人以下）,0,2026-08-07,春秋季周六16:00-18:00，寒暑假集中上课,"有教材,开课前领取",2027-12-18,0,国际教育青少部,八方24品,八方303教室,班级刷卡,6人,国外考试部,八方24品教学区,2027-12-18,3,4,
"国外考试部",全科,"阅读,写作,听力,口语",,GYBF2010C,Global Primary外语2C,Global Primary外语2B 上（FY26）,Global Primary 英语,8,8,960,960,120.0,120.00,国际教育,国际教育,常规体系,常规体系,Global Primary外语2B 上,Global Primary外语2B 上,否,,可续,,,,3300.00,戴甜(661131),,"春季,暑假,秋季,寒假",,正常,2027-08-13,2027-08-13,已审核,"走读,在线","常规面授,在线直播",在线直播,云教室小班（25人以下）,0,2026-08-07,"春秋季周日10:30-12:30，寒暑假集中上课 ","有教材,开课前领取",2027-08-21,0,国际教育青少部,八方24品,八方303教室,班级刷卡,6人,国外考试部,八方24品教学区,2027-08-21,3,4,
"国外考试部",全科,"阅读,写作,听力,口语",,GYBF2010B,Global Primary外语2B,Global Primary外语2A 下（FY26）,Global Primary 英语,16,16,1920,1920,120.0,120.00,国际教育,国际教育,常规体系,常规体系,Global Primary外语2A 下,Global Primary外语2A 下,否,,可续,,,,6600.00,戴甜(661131),,"春季,暑假,秋季,寒假",,正常,2027-02-28,2027-02-28,已审核,"走读,在线","常规面授,在线直播",在线直播,云教室小班（25人以下）,0,2026-08-07,"	
春秋季周日10:30-12:30，寒暑假集中上课 ","有教材,开课前领取",2027-06-13,0,国际教育青少部,八方24品,八方303教室,班级刷卡,6人,国外考试部,八方24品教学区,2027-06-13,3,4,
"国外考试部",全科,"阅读,写作,听力,口语",,GYBF2010D,Global Primary外语2D,Global Primary外语2B 下（FY26）,Global Primary 英语,16,16,1920,1920,120.0,120.00,国际教育,国际教育,常规体系,常规体系,Global Primary外语2B 下,Global Primary外语2B 下,否,,可续,,,,6600.00,戴甜(661131),,"春季,暑假,秋季,寒假",,正常,2027-09-05,2027-09-05,已审核,"走读,在线","常规面授,在线直播",在线直播,云教室小班（25人以下）,0,2026-08-07,"春秋季周日10:30-12:30，寒暑假集中上课 ","有教材,开课前领取",2027-12-19,0,国际教育青少部,"八方24品 ",八方303教室,班级刷卡,6人,国外考试部,八方24品教学区,2027-12-19,3,4,
"国外考试部",英语,英语,,GYDT01027B,Global Primary 英语 Prep 1B,Global Primary 英语 Prep 1B（Prep 1B）,Global Primary 英语,48,48,2880,2880,60.0,120.00,国际教育,国际教育,常规体系,常规体系,Global Primary 英语 Prep 1B,Global Primary 英语 Prep 1B,否,,可续,,,,9900.00,戴甜(661131),,"春季,暑假,秋季,寒假",,正常,2027-08-13,2027-08-13,已审核,"走读,在线","常规面授,在线直播",在线直播,云教室小班（25人以下）,0,2026-08-07,"春秋季周日13:30-15:30，寒暑假集中上课 ","有教材,开课前领取",2027-12-19,0,国际教育青少部,东塘中设广场,东塘A8教室,班级刷卡,6人,国外考试部,东塘中设广场教学区,2027-12-19,3,4,
"国外考试部",英语,英语,,GYDT01028B,Global Primary 英语 Prep 1B,Global Primary 英语 Prep 1B（Prep 1B）,Global Primary 英语,48,48,2880,2880,60.0,120.00,国际教育,国际教育,常规体系,常规体系,Global Primary 英语 Prep 1B,Global Primary 英语 Prep 1B,否,,可续,,,,9900.00,戴甜(661131),,"春季,暑假,秋季,寒假",,正常,2027-04-11,2027-04-11,已审核,"走读,在线","常规面授,在线直播",在线直播,云教室小班（25人以下）,0,2026-08-07,春秋季周日16:00-18:00，寒暑假集中上课,"有教材,开课前领取",2027-10-10,0,国际教育青少部,"东塘中设广场 ",东塘A8教室,班级刷卡,6人,国外考试部,东塘中设广场教学区,2027-10-10,3,4,
"国外考试部",英语,英语,,GYSY01031B,Global Primary 英语 Prep 1B,Global Primary 英语 Prep 1B（Prep 1B）,Global Primary 英语,48,48,2880,2880,60.0,120.00,国际教育,国际教育,常规体系,常规体系,Global Primary 英语 Prep 1B,Global Primary 英语 Prep 1B,否,,可续,,,,9900.00,唐瑄紫(655281),,"春季,暑假,秋季,寒假",,正常,2027-07-05,2027-07-05,已审核,"走读,在线","常规面授,在线直播",在线直播,云教室小班（25人以下）,0,2026-08-07,"	
春秋季每周六10:10-12:10，寒暑假集中上课","有教材,开课前领取",2027-12-18,0,国际教育青少部,芙蓉广场,芙蓉广场5-04教室,班级刷卡,6人,国外考试部,芙蓉广场教学区,2027-12-18,3,4,
"国外考试部",英语,英语,,GYBF02025B,Global Primary 英语 Prep 2B,Global Primary 英语 Prep 2B（Prep 2B）,Global Primary 英语,48,48,2880,2880,60.0,120.00,国际教育,国际教育,常规体系,常规体系,Global Primary 英语 Prep 2B,Global Primary 英语 Prep 2B,否,,可续,,,,9900.00,朱茜(412241),,"春季,暑假,秋季,寒假",,正常,2027-07-05,2027-07-05,已审核,"走读,在线","常规面授,在线直播",在线直播,云教室小班（25人以下）,0,2026-08-05,"春季每周六09:30-11:30，暑假集中上课 ","有教材,开课前领取",2027-12-18,0,国际教育青少部,八方24品,八方308教室,班级刷卡,6人,国外考试部,八方24品教学区,2027-12-18,3,4,
"国外考试部",英语,英语,,GYBF01028B,Global Primary 英语 Prep 1B,Global Primary 英语 Prep 1B（Prep 1B）,Global Primary 英语,48,48,2880,2880,60.0,120.00,国际教育,国际教育,常规体系,常规体系,Global Primary 英语 Prep 1B,Global Primary 英语 Prep 1B,否,,可续,,,,9900.00,王佳卉(369072),,"春季,暑假,秋季,寒假",,正常,2027-08-13,2027-08-13,已审核,"走读,在线","常规面授,在线直播",在线直播,云教室小班（25人以下）,0,2026-08-05,"春秋周日16:00-18:00，寒暑集中上课 ","有教材,开课前领取",2027-12-19,0,国际教育青少部,八方24品,八方301教室,班级刷卡,6人,国外考试部,八方24品教学区,2027-12-19,3,4,
"国外考试部",全科,"阅读,写作,听力,口语",,GYSY2021C,Global Primary外语2C,Global Primary外语2B 上（FY26）,Global Primary 英语,8,8,960,960,120.0,120.00,国际教育,国际教育,常规体系,常规体系,Global Primary外语2B 上,Global Primary外语2B 上,否,,可续,,,,3300.00,罗竹瑜(182705),,"春季,暑假,秋季,寒假",,正常,2027-07-05,2027-07-05,已审核,"走读,在线","常规面授,在线直播",在线直播,云教室小班（25人以下）,0,2026-08-05,春秋季周六10:10-12:10，寒暑假集中上课,"有教材,开课前领取",2027-07-13,0,国际教育青少部,芙蓉广场,芙蓉广场5-08教室,班级刷卡,6人,国外考试部,芙蓉广场教学区,2027-07-13,3,4,
"国外考试部",英语,英语,,GYBF01027B,Global Primary 英语 Prep 1B,Global Primary 英语 Prep 1B（Prep 1B）,Global Primary 英语,48,48,2880,2880,60.0,120.00,国际教育,国际教育,常规体系,常规体系,Global Primary 英语 Prep 1B,Global Primary 英语 Prep 1B,否,,可续,,,,9900.00,王佳卉(369072),,"春季,暑假,秋季,寒假",,正常,2027-08-13,2027-08-13,已审核,"走读,在线","常规面授,在线直播",在线直播,云教室小班（25人以下）,0,2026-08-05,"春秋季周日10：30-12：30，寒暑假集中上课 ","有教材,开课前领取",2027-12-19,0,国际教育青少部,八方24品,八方301教室,班级刷卡,6人,国外考试部,八方24品教学区,2027-12-19,3,4,
"国外考试部",全科,"阅读,写作,听力,口语",,GYSY2021B,Global Primary外语2B,Global Primary外语2A 下（FY26）,Global Primary 英语,16,16,1920,1920,120.0,120.00,国际教育,国际教育,常规体系,常规体系,Global Primary外语2A 下,Global Primary外语2A 下,否,,可续,,,,6600.00,罗竹瑜(182705),,"春季,暑假,秋季,寒假",,正常,2027-02-27,2027-02-27,已审核,"走读,在线","常规面授,在线直播",在线直播,云教室小班（25人以下）,0,2026-08-05,"	
春秋季周六10:10-12:10，寒暑假集中上课","有教材,开课前领取",2027-06-12,0,国际教育青少部,芙蓉广场,芙蓉广场5-08教室,班级刷卡,6人,国外考试部,芙蓉广场教学区,2027-06-12,3,4,
"国外考试部",全科,"阅读,写作,听力,口语",,GYSY2021D,Global Primary外语2D,Global Primary外语2B 下（FY26）,Global Primary 英语,16,16,1920,1920,120.0,120.00,国际教育,国际教育,常规体系,常规体系,Global Primary外语2B 下,Global Primary外语2B 下,否,,可续,,,,6600.00,罗竹瑜(182705),,"春季,暑假,秋季,寒假",,正常,2027-09-04,2027-09-04,已审核,"走读,在线","常规面授,在线直播",在线直播,云教室小班（25人以下）,0,2026-08-05,"春秋季周六10:10-12:10，寒暑假集中上课 ","有教材,开课前领取",2027-12-18,0,国际教育青少部,芙蓉广场,芙蓉广场5-08教室,班级刷卡,6人,国外考试部,芙蓉广场教学区,2027-12-18,3,4,
"国外考试部",英语,英语,,PQCSY002B,PET全程班（全程班下）,PET全程班（全程班下）,PET进阶班,24,24,2880,2880,120.0,"	0.00",PET,PET,常规体系,常规体系,PET全程班,PET全程班,否,,可续,,,,9900.00,戴莎(616592),,"春季,暑假,秋季,寒假",,正常,2027-02-28,2027-02-28,已审核,"走读,在线","常规面授,在线直播",在线直播,云教室小班（25人以下）,10,2026-08-10,春秋季周日13:30-15:30，寒暑假集中上课,"有教材,开课前领取",2027-08-19,3,国际教育青少部,芙蓉,芙蓉广场5-03教室,班级刷卡,6人,国外考试部,芙蓉广场教学区,2027-08-19,3,4,
"国外考试部",英语,英语,,GYDT01028A,Global Primary 英语 Prep 1A,Global Primary 英语 Prep 1A（Prep 1A）,Global Primary 英语,48,48,2880,2880,60.0,120.00,国际教育,国际教育,常规体系,常规体系,Global Primary 英语 Prep 1A,Global Primary 英语 Prep 1A,否,,可续,,,,9900.00,戴甜(661131),,"春季,暑假,秋季,寒假",,正常,2026-10-18,2026-10-18,已审核,"走读,在线","常规面授,在线直播",在线直播,云教室小班（25人以下）,0,2026-08-07,春秋季周日16:00-18:00，寒暑假集中上课,"有教材,开课前领取",2027-03-28,0,国际教育青少部,东塘中设广场,东塘A8教室,班级刷卡,6人,国外考试部,东塘中设广场教学区,2027-03-28,3,4,
"国外考试部",英语,英语,,GYBF02025A,Global Primary 英语 Prep 2A,Global Primary 英语 Prep 2A（Prep 2A）,Global Primary 英语,48,48,2880,2880,60.0,120.00,国际教育,国际教育,常规体系,常规体系,Global Primary 英语 Prep 2A,Global Primary 英语 Prep 2A,否,,可续,,,,9900.00,朱茜(412241),,"春季,暑假,秋季,寒假",,正常,2027-01-02,2027-01-02,已审核,"走读,在线","常规面授,在线直播",在线直播,云教室小班（25人以下）,0,2026-08-05,春季每周六09:30-11:30，暑假集中上课,"有教材,开课前领取",2027-06-12,0,国际教育青少部,八方24品,八方308教室,班级刷卡,6人,国外考试部,八方24品教学区,2027-06-12,3,4,
"国外考试部",全科,"阅读,写作,听力,口语",,GYBF2009A,Global Primary外语2A,Global Primary外语2A 上（FY26）,Global Primary 英语,8,8,960,960,120.0,120.00,国际教育,国际教育,常规体系,常规体系,Global Primary外语2A 上,Global Primary外语2A 上,否,,可续,,,,3300.00,戴甜(661131),,"春季,暑假,秋季,寒假",,正常,2027-01-02,2027-01-02,已审核,"走读,在线","常规面授,在线直播",在线直播,云教室小班（25人以下）,0,2026-08-07,春秋季周六16:00-18:00，寒暑假集中上课,"有教材,开课前领取",2027-01-23,0,国际教育青少部,八方24品,八方303教室,班级刷卡,6人,国外考试部,八方24品教学区,2027-01-23,3,4,
"国外考试部",英语,英语,,GYDT01026A,Global Primary 英语 Prep 1A,Global Primary 英语 Prep 1A（Prep 1A）,Global Primary 英语,48,48,2880,2880,60.0,120.00,国际教育,国际教育,常规体系,常规体系,Global Primary 英语 Prep 1A,Global Primary 英语 Prep 1A,否,,可续,,,,9900.00,唐茜(660071),,"春季,暑假,秋季,寒假",,正常,2027-01-02,2027-01-02,已审核,"走读,在线","常规面授,在线直播",在线直播,云教室小班（25人以下）,0,2026-08-07,春秋季周六16:00-18:00，寒暑假集中上课,"有教材,开课前领取",2027-06-12,0,国际教育青少部,东塘中设广场,东塘A7教室,班级刷卡,6人,国外考试部,东塘中设广场教学区,2027-06-12,3,4,
"国外考试部",英语,英语,,PQCSY002A,PET全程班（全程班上）,PET全程班（全程班上）,PET进阶班,24,24,2880,2880,120.0,120.00,PET,PET,常规体系,常规体系,PET全程班,PET全程班,否,,可续,,,,9900.00,戴莎(616592),,"春季,暑假,秋季,寒假",,正常,2026-09-06,2026-09-06,已审核,"走读,在线","常规面授,在线直播",在线直播,云教室小班（25人以下）,10,2026-08-10,春秋季周日13:30-15:30，寒暑假集中上课,"有教材,开课前领取",2027-01-31,4,国际教育青少部,芙蓉,芙蓉广场5-03教室,班级刷卡,6人,国外考试部,芙蓉广场教学区,2027-01-31,3,4,
"国外考试部",英语,英语,,GYDT02019A,Global Primary 英语 Prep 2A,Global Primary 英语 Prep 2A（Prep 2A）,Global Primary 英语,48,48,2880,2880,60.0,120.00,国际教育,国际教育,常规体系,常规体系,Global Primary 英语 Prep 2A,Global Primary 英语 Prep 2A,否,,可续,,,,9900.00,戴莎(616592),,"春季,暑假,秋季,寒假",,正常,2027-01-09,2027-01-09,已审核,"走读,在线","常规面授,在线直播",在线直播,云教室小班（25人以下）,0,2026-08-05,春秋季周六13:30-15:30，寒暑集中上课,"有教材,开课前领取",2027-06-12,0,国际教育青少部,东塘中设广场,东塘A7教室,班级刷卡,6人,国外考试部,东塘中设广场教学区,2027-06-12,3,4,
"国外考试部",英语,英语,,GYDT02020A,Global Primary 英语 Prep 2A,Global Primary 英语 Prep 2A（Prep 2A）,Global Primary 英语,48,48,2880,2880,60.0,120.00,国际教育,国际教育,常规体系,常规体系,Global Primary 英语 Prep 2A,Global Primary 英语 Prep 2A,否,,可续,,,,9900.00,戴莎(616592),,"春季,暑假,秋季,寒假",,正常,2027-01-02,2027-01-02,已审核,"走读,在线","常规面授,在线直播",在线直播,云教室小班（25人以下）,0,2026-08-07,春秋周六16:00-18:00，寒暑集中上课,"有教材,开课前领取",2027-06-12,0,国际教育青少部,东塘中设广场,东塘A8教室,班级刷卡,6人,国外考试部,东塘中设广场教学区,2027-06-12,3,4,
"国外考试部",英语,英语,,GYSY01031A,Global Primary 英语 Prep 1A,Global Primary 英语 Prep 1A（Prep 1A）,Global Primary 英语,48,48,2880,2880,60.0,120.00,国际教育,国际教育,常规体系,常规体系,Global Primary 英语 Prep 1A,Global Primary 英语 Prep 1A,否,,可续,,,,9900.00,唐瑄紫(655281),,"春季,暑假,秋季,寒假",,正常,2027-01-02,2027-01-02,已审核,"走读,在线","常规面授,在线直播",在线直播,云教室小班（25人以下）,0,2026-08-07,春秋季每周六10:10-12:10，寒暑假集中上课,"有教材,开课前领取",2027-06-19,0,国际教育青少部,芙蓉广场,芙蓉广场5-04教室,班级刷卡,6人,国外考试部,芙蓉广场教学区,2027-06-19,3,4,
"国外考试部",英语,英语,,GYSY02019A,Global Primary 英语 Prep 2A,Global Primary 英语 Prep 2A（Prep 2A）,Global Primary 英语,48,48,2880,2880,60.0,120.00,国际教育,国际教育,常规体系,常规体系,Global Primary 英语 Prep 2A,Global Primary 英语 Prep 2A,否,,可续,,,,9900.00,戴莎(616592),,"春季,暑假,秋季,寒假",,正常,2027-01-02,2027-01-02,已审核,"走读,在线","常规面授,在线直播",在线直播,云教室小班（25人以下）,0,2026-08-05,秋季每周六10:30-12:30，暑假集中上课,"有教材,开课前领取",2027-06-19,0,国际教育青少部,芙蓉广场,芙蓉广场5-10教室,班级刷卡,6人,国外考试部,芙蓉广场教学区,2027-06-19,3,4,
"国外考试部",全科,"阅读,写作,听力,口语",,GYSY2021A,Global Primary外语2A,Global Primary外语2A 上（FY26）,Global Primary 英语,8,8,960,960,120.0,120.00,国际教育,国际教育,常规体系,常规体系,Global Primary外语2A 上,Global Primary外语2A 上,否,,可续,,,,3300.00,罗竹瑜(182705),,"春季,暑假,秋季,寒假",,正常,2027-01-02,2027-01-02,已审核,"走读,在线","常规面授,在线直播",在线直播,云教室小班（25人以下）,0,2026-08-05,春秋季周六10:10-12:10，寒暑假集中上课,"有教材,开课前领取",2027-01-23,0,国际教育青少部,芙蓉广场,芙蓉广场5-08教室,班级刷卡,6人,国外考试部,芙蓉广场教学区,2027-01-23,3,4,
"国外考试部",英语,英语,,GYBF01028A,Global Primary 英语 Prep 1A,Global Primary 英语 Prep 1A（Prep 1A）,Global Primary 英语,48,48,2880,2880,60.0,120.00,国际教育,国际教育,常规体系,常规体系,Global Primary 英语 Prep 1A,Global Primary 英语 Prep 1A,否,,可续,,,,9900.00,王佳卉(369072),,"春季,暑假,秋季,寒假",,正常,2027-01-03,2027-01-03,已审核,"走读,在线","常规面授,在线直播",在线直播,云教室小班（25人以下）,0,2026-08-05,春秋周日16:00-18:00，寒暑集中上课,"有教材,开课前领取",2027-06-20,0,国际教育青少部,八方24品,八方301教室,班级刷卡,6人,国外考试部,八方24品教学区,2027-06-20,3,4,
"国外考试部",英语,英语,,GYBF01027A,Global Primary 英语 Prep 1A,Global Primary 英语 Prep 1A（Prep 1A）,Global Primary 英语,48,48,2880,2880,60.0,120.00,国际教育,国际教育,常规体系,常规体系,Global Primary 英语 Prep 1A,Global Primary 英语 Prep 1A,否,,可续,,,,9900.00,王佳卉(369072),,"春季,暑假,秋季,寒假",,正常,2027-01-03,2027-01-03,已审核,"走读,在线","常规面授,在线直播",在线直播,云教室小班（25人以下）,0,2026-08-05,春秋季周日10：30-12：30，寒暑假集中上课,"有教材,开课前领取",2027-06-20,0,国际教育青少部,八方24品校区,八方301教室,班级刷卡,6人,国外考试部,八方24品教学区,2027-06-20,3,4,
"国外考试部",全科,"阅读,写作,听力,口语",,GYBF2010A,Global Primary外语2A,Global Primary外语2A 上（FY26）,Global Primary 英语,8,8,960,960,120.0,120.00,国际教育,国际教育,常规体系,常规体系,Global Primary外语2A 上,Global Primary外语2A 上,否,,可续,,,,3300.00,戴甜(661131),,"春季,暑假,秋季,寒假",,正常,2027-01-03,2027-01-03,已审核,"走读,在线","常规面授,在线直播",在线直播,云教室小班（25人以下）,0,2026-08-07,春秋季周日10:30-12:30，寒暑假集中上课,"有教材,开课前领取",2027-01-30,0,国际教育青少部,八方24品,八方303教室,班级刷卡,6人,国外考试部,八方24品教学区,2027-01-30,3,4,
"国外考试部",英语,英语,,GYDT01027A,Global Primary 英语 Prep 1A,Global Primary 英语 Prep 1A（Prep 1A）,Global Primary 英语,48,48,2880,2880,60.0,120.00,国际教育,国际教育,常规体系,常规体系,Global Primary 英语 Prep 1A,Global Primary 英语 Prep 1A,否,,可续,,,,9900.00,戴甜(661131),,"春季,暑假,秋季,寒假",,正常,2027-01-03,2027-01-03,已审核,"走读,在线","常规面授,在线直播",在线直播,云教室小班（25人以下）,0,2026-08-07,春秋季周日13:30-15:30，寒暑假集中上课,"有教材,开课前领取",2027-06-20,0,国际教育青少部,东塘中设广场,东塘A8教室,班级刷卡,6人,国外考试部,东塘中设广场教学区,2027-06-20,3,4,
"国外考试部",英语,英语,,GYSY01032A,Global Primary 英语 Prep 1A,Global Primary 英语 Prep 1A（Prep 1A）,Global Primary 英语,48,48,2880,2880,60.0,120.00,国际教育,国际教育,常规体系,常规体系,Global Primary 英语 Prep 1A,Global Primary 英语 Prep 1A,否,,可续,,,,9900.00,文萱妮(638361),,"春季,暑假,秋季,寒假",,正常,2027-01-03,2027-01-03,已审核,"走读,在线","常规面授,在线直播",在线直播,云教室小班（25人以下）,0,2026-08-07,春秋季周日16:00-18:00，寒暑假集中上课,"有教材,开课前领取",2027-06-20,0,国际教育青少部,芙蓉广场,芙蓉广场5-03教室,班级刷卡,6人,国外考试部,芙蓉广场教学区,2027-06-20,3,4,
"素养智学部",科创,科创,科创,SZ27AWRC001,WRC国赛竞赛班,WRC-Robot Dream（总决赛）赛事班,通用,4,4,480,480,120.0,"	0.00",SK,SK,专项体系,专项体系,WRC-Robot Dream（总决赛）赛事班,WRC-Robot Dream（总决赛）赛事班,否,,不可续,小学,"一年级,二年级,三年级,四年级,五年级,六年级",小学,960.00,颜俊敏(416482),,暑假,暑假,正常,2026-08-13,2026-08-13,已审核,"走读,在线","常规面授,在线直播",在线直播,云教室小班（25人以下）,12,2026-08-10,每天10:00-12:00,,2026-08-16,8,素养素质(智学),洋湖新城314教室,洋湖新城314教室,班级刷卡,12人,素质,洋湖新城教学区,2026-08-16,8,10,机器人赛事集训
"素养智学部",书法,书法,书法,XZ228A00012,素质成长营（写字2）（暑）,一年级书法暑假ZT1班,通用,10,10,900,900,90.0,"	0.00",ZT1,ZT1,专项体系,专项体系,一年级书法暑假ZT1班,一年级书法暑假ZT1班,否,,不可续,一年级,一年级,一年级,975.00,彭博(658241),,暑假,暑假,正常,2027-07-09,2027-07-09,已审核,走读,常规面授,常规面授,,15,2026-08-08,每天16:00-17:30（上5休1）,"有教材,开课前领取",2027-07-19,1,素养素质(智学),梅岭国际210教室,梅岭国际210教室,班级刷卡,12人,素质,梅岭国际教学区,2027-07-19,7,8,书法2
"素养智学部",书法,书法,书法,XZ328A0006,素质成长营（写字3）（暑）,二年级书法暑假ZT1班,通用,10,10,900,900,90.0,"	0.00",ZT1,ZT1,专项体系,专项体系,二年级书法暑假ZT1班,二年级书法暑假ZT1班,否,,不可续,二年级,二年级,二年级,975.00,廖思年(342029),,暑假,暑假,正常,2027-08-18,2027-08-18,已审核,走读,常规面授,常规面授,,15,2026-08-08,每天10:40-12:10（上5休1）,"有教材,开课前领取",2027-08-28,1,素养素质(智学),洋湖新城316教室,洋湖新城316教室,班级刷卡,12人,素质,洋湖新城教学区,2027-08-28,7,8,书法3
"素养智学部",书法,书法,书法,XZ127D0006A,素质成长营（写字1）（春）,S3书法春季上ZT1班（默认线下）,通用,4,4,360,360,90.0,"	0.00",ZT1,ZT1,专项体系,专项体系,S3书法春季上ZT1班,S3书法春季上ZT1班,否,,不可续,S3,S3,S3,390.00,彭博(658241),XZ127D0006B,春季上,春季上,正常,2027-03-06,2027-03-06,已审核,走读,常规面授,常规面授,,15,2026-08-08,周六16:00-17:30,"有教材,开课前领取",2027-03-27,1,素养素质(智学),梅岭国际210教室,梅岭国际210教室,班级刷卡,12人,素质,梅岭国际教学区,2027-03-27,7,8,书法1
"素养智学部",书法,书法,书法,XZ127D0006B,素质成长营（写字1）（春）,S3书法春季下ZT1班（默认线下）,通用,12,12,1080,1080,90.0,"	0.00",ZT1,ZT1,专项体系,专项体系,S3书法春季下ZT1班,S3书法春季下ZT1班,否,,不可续,S3,S3,S3,1170.00,彭博(658241),XZ127D0006A,春季下,春季下,正常,2027-04-03,2027-04-03,已审核,走读,常规面授,常规面授,,15,2026-08-08,周六16:00-17:30,"有教材,开课前领取",2027-06-19,1,素养素质(智学),梅岭国际210教室,梅岭国际210教室,班级刷卡,12人,素质,梅岭国际教学区,2027-06-19,7,8,书法1
"素养智学部",书法,书法,书法,XZ127C0006,素质成长营（写字1）（寒）,S3书法寒假ZT1班（默认线下1）,通用,9,9,810,810,90.0,"	0.00",ZT1,ZT1,专项体系,专项体系,S3书法寒假ZT1班,S3书法寒假ZT1班,否,,不可续,S3,S3,S3,877.50,彭博(658241),,寒假,寒假,正常,2027-01-09,2027-01-09,已审核,走读,常规面授,常规面授,,15,2026-08-08,每天16:00-17:30,"有教材,开课前领取",2027-01-17,4,素养素质(智学),梅岭国际210教室,梅岭国际210教室,班级刷卡,12人,素质,梅岭国际教学区,2027-01-17,7,8,书法1
"素养智学部",书法,书法,书法,XZ227D0011B,素质成长营（写字2）（春）,一年级书法春季下ZT1班（默认线下）,通用,12,12,1080,1080,90.0,"	0.00",ZT1,ZT1,专项体系,专项体系,一年级书法春季下ZT1班,一年级书法春季下ZT1班,否,,不可续,一年级,一年级,一年级,1170.00,廖思年(342029),XZ227D0011A,春季下,春季下,正常,2027-04-04,2027-04-04,已审核,走读,常规面授,常规面授,,15,2026-08-08,周日10:40-12:10,"有教材,开课前领取",2027-06-20,1,素养素质(智学),洋湖新城316教室,洋湖新城316教室,班级刷卡,12人,素质,洋湖新城教学区,2027-06-20,7,8,书法2
"素养智学部",书法,书法,书法,XZ227D0011A,素质成长营（写字2）（春）,一年级书法春季上ZT1班（默认线下）,通用,4,4,360,360,90.0,"	0.00",ZT1,ZT1,专项体系,专项体系,一年级书法春季上ZT1班,一年级书法春季上ZT1班,否,,不可续,一年级,一年级,一年级,390.00,廖思年(342029),XZ227D0011B,春季上,春季上,正常,2027-03-07,2027-03-07,已审核,走读,常规面授,常规面授,,15,2026-08-08,周日10:40-12:10,"有教材,开课前领取",2027-03-28,1,素养素质(智学),洋湖新城316教室,洋湖新城316教室,班级刷卡,12人,素质,洋湖新城教学区,2027-03-28,7,8,书法2
"素养智学部",书法,书法,书法,XZ227C0011,素质成长营（写字2）（寒）,一年级书法寒假ZT1班（默认线下1）,通用,9,9,810,810,90.0,"	0.00",ZT1,ZT1,专项体系,专项体系,一年级书法寒假ZT1班,一年级书法寒假ZT1班,否,,不可续,一年级,一年级,一年级,877.50,廖思年(342029),,寒假,寒假,正常,2027-01-10,2027-01-10,已审核,走读,常规面授,常规面授,,15,2026-08-08,每天10:40-12:10,"有教材,开课前领取",2027-01-18,3,素养素质(智学),洋湖新城316教室,洋湖新城316教室,班级刷卡,12人,素质,洋湖新城教学区,2027-01-18,7,8,书法2
"素养智学部",双语故事表演,双语故事表演,双语故事表演,PM227B0270B,双语绘本2C+领航班（秋）,双语故事表演L2秋季下C1班（C+）,通用,12,12,1320,1320,110.0,"	0.00",L2,L2,常规体系,常规体系,双语故事表演L2秋季下C1班,二年级双语故事表演秋季下L2班,否,,连季续,二年级,二年级,二年级,2520.00,陈静(365957),PM227B0270A,秋季下,秋季下,正常,2026-10-07,2026-10-10,已审核,走读,常规面授,常规面授,,18,2026-08-07,周六16:00-17:50,"有教材,开课前领取",2026-12-26,9,素养素质(智学),东塘201教室,东塘201教室,班级刷卡,15人,素养,东塘教学区,2026-12-26,10,12,分级阅读2
"素养智学部",双语故事表演,双语故事表演,双语故事表演,PM227B0270A,双语绘本2C+领航班（秋）,双语故事表演L2秋季上C1班（C+）,通用,4,4,440,440,110.0,"	0.00",L2,L2,常规体系,常规体系,双语故事表演L2秋季上C1班,二年级双语故事表演秋季上L2班,否,,连季续,二年级,二年级,二年级,840.00,陈静(365957),PM227B0270B,秋季上,秋季上,正常,2026-09-05,2026-09-05,已审核,走读,常规面授,常规面授,,18,2026-08-07,周六16:00-17:50,"有教材,开课前领取",2026-09-26,9,素养素质(智学),东塘201教室,东塘201教室,班级刷卡,15人,素养,东塘教学区,2026-09-26,10,12,分级阅读2
"素养智学部",英语,英语,英语,YYZH6B0726A,双语智慧6A（秋）,六年级英语秋季上A2服务（默认A）,通用,4,4,480,480,120.0,"	0.00",TG,TG,常规体系,常规体系,六年级英语秋季上A2服务,六年级英语A秋季上智慧学习空间,否,,连季续,六年级(小学),六年级,六年级,800.00,彭念慈(612650),YYZH6B0726B,秋季上,秋季上,正常,2026-09-05,2026-09-05,已审核,"走读,在线","常规面授,在线录播",在线录播,智慧学习机,24,2026-08-07,周六08:30-10:30,"有教材,开课前领取",2026-09-26,8,学习机托管(智学),二十四品01自习室,二十四品01自习室,班级刷卡,20人,学习机托管,二十四品教学区,2026-09-26,8,12,六年级英语
"智慧学习部",英语,英语,英语,YYZH7B27027A,YY秋季智慧学习空间7A,学习机托管七年级英语秋季上A2服务,通用,4,4,480,480,120.0,"	0.00",A2,A2,A体系,A体系,学习机托管七年级英语秋季上A2服务,YY秋季智慧学习空间7A,否,,连季续,初一,七年级,七年级,800.00,李飞燕(353896),YYZH7B27027B,秋季上,秋季上,正常,2026-09-06,2026-09-06,已审核,"走读,在线","常规面授,在线录播",在线录播,智慧学习机,24,2026-08-05,周日08:30-10:30,"有教材,开课前领取",2026-09-27,13,学习机托管(智慧),北辰自习室05,北辰自习室05,班级刷卡,20人,学习机托管,北辰智慧空间,2026-09-27,8,12,初一英语
"智慧学习部",英语,英语,英语,YYZH7B27027B,YY秋季智慧学习空间7A,学习机托管七年级英语秋季下A2服务,通用,12,12,1440,1440,120.0,"	0.00",A2,A2,A体系,A体系,学习机托管七年级英语秋季下A2服务,YY秋季智慧学习空间7A,否,,连季续,初一,七年级,七年级,2400.00,李飞燕(353896),YYZH7B27027A,秋季下,秋季下,正常,2026-10-18,2026-10-18,已审核,"走读,在线","常规面授,在线录播",在线录播,智慧学习机,24,2026-08-05,周日08:30-10:30,"有教材,开课前领取",2027-01-03,13,学习机托管(智慧),北辰自习室05,北辰自习室05,班级刷卡,20人,学习机托管,北辰智慧空间,2027-01-03,8,12,初一英语
"智慧学习部",英语,英语,英语,YYZH7B27035A,YY秋季智慧学习空间7A,学习机托管七年级英语秋季上A2服务,通用,4,4,480,480,120.0,"	0.00",A2,A2,A体系,A体系,学习机托管七年级英语秋季上A2服务,YY秋季智慧学习空间7A,否,,连季续,初一,七年级,七年级,800.00,罗彩玉(698506),YYZH7B27035B,秋季上,秋季上,正常,2026-09-06,2026-09-06,已审核,"走读,在线","常规面授,在线录播",在线录播,智慧学习机,24,2026-08-05,周日08:30-10:30,"有教材,开课前领取",2026-09-27,7,学习机托管(智慧),钰龙天下自习室02,钰龙天下自习室02,班级刷卡,20人,学习机托管,钰龙天下教学区,2026-09-27,8,12,初一英语
"智慧学习部",英语,英语,英语,YYZH7B27035B,YY秋季智慧学习空间7A,学习机托管七年级英语秋季下A2服务,通用,12,12,1440,1440,120.0,"	0.00",A2,A2,A体系,A体系,学习机托管七年级英语秋季下A2服务,YY秋季智慧学习空间7A,否,,连季续,初一,七年级,七年级,2400.00,罗彩玉(698506),YYZH7B27035A,秋季下,秋季下,正常,2026-10-18,2026-10-18,已审核,"走读,在线","常规面授,在线录播",在线录播,智慧学习机,24,2026-08-05,周日08:30-10:30,"有教材,开课前领取",2027-01-03,7,学习机托管(智慧),钰龙天下自习室02,钰龙天下自习室02,班级刷卡,20人,学习机托管,钰龙天下教学区,2027-01-03,8,12,初一英语
"素养智学部",科创,科创,机器人编程,SZ27DJQ181B,机器人L1（春）,机器人编程L1-3段春季下班,通用,12,12,1080,1080,90.0,"	0.00",L1,L1,常规体系,常规体系,科创L1-3段春季下班,一年级机器人编程春季下L1班,否,,连季续,一年级,一年级,一年级,2160.00,张智博(411871),SZ27DJQ181A,春季下,春季下,正常,2027-03-28,2027-03-28,已审核,"走读,在线","常规面授,在线直播",在线直播,云教室小班（25人以下）,12,2026-08-04,周日10:40-12:10,"有教材,开课前领取",2027-06-13,0,素养素质(智学),梅岭国际211教室,梅岭国际211教室,班级刷卡,12人,素质,梅岭国际教学区,2027-06-13,8,10,机器人编程L1
"素养智学部",科创,科创,机器人编程,SZ27BJQ181B,机器人L1（秋）,机器人编程L1-1段秋季下班,通用,12,12,1080,1080,90.0,"	0.00",L1,L1,常规体系,常规体系,科创L1-1段秋季下班,一年级机器人编程秋季下L1班,否,,连季续,一年级,一年级,一年级,2160.00,张智博(411871),SZ27BJQ181A,秋季下,秋季下,正常,2026-10-04,2026-10-04,已审核,"走读,在线","常规面授,在线直播",在线直播,云教室小班（25人以下）,12,2026-08-04,周日10:40-12:10,"有教材,开课前领取",2026-12-20,0,素养素质(智学),梅岭国际211教室,梅岭国际211教室,班级刷卡,12人,素质,梅岭国际教学区,2026-12-20,8,10,机器人编程L1
"素养智学部",科创,科创,机器人编程,SZ27DJQ182B,机器人S2（春）,机器人编程S2-3段春季下班,通用,12,12,1080,1080,90.0,"	0.00",S2,S2,常规体系,常规体系,科创S2-3段春季下班,S2机器人编程春季下S2班,否,,连季续,S2,S2,S2,2160.00,易志强(653504),SZ27DJQ182A,春季下,春季下,正常,2027-03-28,2027-03-28,已审核,"走读,在线","常规面授,在线直播",在线直播,云教室小班（25人以下）,12,2026-08-04,周日10:40-12:10,"有教材,开课前领取",2027-06-13,1,素养素质(智学),西子花苑旗舰店202教室,西子花苑旗舰店202教室,班级刷卡,12人,素质,西子花苑旗舰店教学区,2027-06-13,8,10,机器人编程S2
"素养智学部",科创,科创,机器人编程,SZ27DJQ182A,机器人S2（春）,机器人编程S2-3段春季上班,通用,3,3,270,270,90.0,"	0.00",S2,S2,常规体系,常规体系,科创S2-3段春季上班,S2机器人编程春季上S2班,否,,连季续,S2,S2,S2,540.00,易志强(653504),SZ27DJQ182B,春季上,春季上,正常,2027-03-07,2027-03-07,已审核,"走读,在线","常规面授,在线直播",在线直播,云教室小班（25人以下）,12,2026-08-04,周日10:40-12:10,"有教材,开课前领取",2027-03-21,1,素养素质(智学),西子花苑旗舰店202教室,西子花苑旗舰店202教室,班级刷卡,12人,素质,西子花苑旗舰店教学区,2027-03-21,8,10,机器人编程S2
"素养智学部",科创,科创,机器人编程,SZ27CJQ182,机器人S2（寒）,机器人编程S2-2段寒假班,通用,8,8,720,720,90.0,"	0.00",S2,S2,常规体系,常规体系,科创S2-2段寒假班,S2机器人编程寒假S2班,否,,连季续,S2,S2,S2,1440.00,易志强(653504),,寒假,寒假,正常,2027-01-10,2027-01-10,已审核,"走读,在线","常规面授,在线直播",在线直播,云教室小班（25人以下）,12,2026-08-04,每天10:40-12:10,"有教材,开课前领取",2027-01-17,1,素养素质(智学),西子花苑旗舰店202教室,西子花苑旗舰店202教室,班级刷卡,12人,素质,西子花苑旗舰店教学区,2027-01-17,8,10,机器人编程S2
"素养智学部",科创,科创,机器人编程,SZ27BJQ182B,机器人S2（秋）,机器人编程S2-1段秋季下班,通用,12,12,1080,1080,90.0,"	0.00",S2,S2,常规体系,常规体系,科创S2-1段秋季下班,S2机器人编程秋季下S2班,否,,连季续,S2,S2,S2,2160.00,易志强(653504),SZ27BJQ182A,秋季下,秋季下,正常,2026-10-04,2026-10-04,已审核,"走读,在线","常规面授,在线直播",在线直播,云教室小班（25人以下）,12,2026-08-04,周日10:40-12:10,"有教材,开课前领取",2026-12-20,4,素养素质(智学),西子花苑旗舰店202教室,西子花苑旗舰店202教室,班级刷卡,12人,素质,西子花苑旗舰店教学区,2026-12-20,8,10,机器人编程S2
"素养智学部",科创,科创,机器人编程,SZ27BJQ182A,机器人S2（秋）,机器人编程S2-1段秋季上班,通用,3,3,270,270,90.0,"	0.00",S2,S2,常规体系,常规体系,科创S2-1段秋季上班,S2机器人编程秋季上S2班,否,,连季续,S2,S2,S2,540.00,易志强(653504),SZ27BJQ182B,秋季上,秋季上,正常,2026-09-06,2026-09-06,已审核,"走读,在线","常规面授,在线直播",在线直播,云教室小班（25人以下）,12,2026-08-04,周日10:40-12:10,"有教材,开课前领取",2026-09-27,4,素养素质(智学),西子花苑旗舰店202教室,西子花苑旗舰店202教室,班级刷卡,12人,素质,西子花苑旗舰店教学区,2026-09-27,8,10,机器人编程S2
"素养智学部",科创,科创,机器人编程,SZ27DJQ181A,机器人L1（春）,机器人编程L1-3段春季上班,通用,3,3,270,270,90.0,"	0.00",L1,L1,常规体系,常规体系,科创L1-3段春季上班,一年级机器人编程春季上L1班,否,,连季续,一年级,一年级,一年级,540.00,张智博(411871),SZ27DJQ181B,春季上,春季上,正常,2027-03-07,2027-03-07,已审核,"走读,在线","常规面授,在线直播",在线直播,云教室小班（25人以下）,12,2026-08-04,周日10:40-12:10,"有教材,开课前领取",2027-03-21,0,素养素质(智学),梅岭国际211教室,梅岭国际211教室,班级刷卡,12人,素质,梅岭国际教学区,2027-03-21,8,10,机器人编程L1
"素养智学部",科创,科创,机器人编程,SZ27CJQ181,机器人L1（寒）,机器人编程L1-2段寒假班,通用,8,8,720,720,90.0,"	0.00",L1,L1,常规体系,常规体系,科创L1-2段寒假班,一年级机器人编程寒假L1班,否,,连季续,一年级,一年级,一年级,1440.00,张智博(411871),,寒假,寒假,正常,2027-01-10,2027-01-10,已审核,"走读,在线","常规面授,在线直播",在线直播,云教室小班（25人以下）,12,2026-08-04,每天10:40-12:10,"有教材,开课前领取",2027-01-17,0,素养素质(智学),梅岭国际211教室,梅岭国际211教室,班级刷卡,12人,素质,梅岭国际教学区,2027-01-17,8,10,机器人编程L1
"素养智学部",科创,科创,机器人编程,SZ27BJQ181A,机器人L1（秋）,机器人编程L1-1段秋季上班,通用,3,3,270,270,90.0,"	0.00",L1,L1,常规体系,常规体系,科创L1-1段秋季上班,一年级机器人编程秋季上L1班,否,,连季续,一年级,一年级,一年级,540.00,张智博(411871),SZ27BJQ181B,秋季上,秋季上,正常,2026-09-06,2026-09-06,已审核,"走读,在线","常规面授,在线直播",在线直播,云教室小班（25人以下）,12,2026-08-04,周日10:40-12:10,"有教材,开课前领取",2026-09-27,0,素养素质(智学),梅岭国际211教室,梅岭国际211教室,班级刷卡,12人,素质,梅岭国际教学区,2026-09-27,8,10,机器人编程L1
"智慧学习部",数学,数学,数学,SXZH7B27022A,SX秋季智慧学习空间7A,学习机托管七年级数学秋季上A2服务,通用,4,4,480,480,120.0,"	0.00",A2,A2,A体系,A体系,学习机托管七年级数学秋季上A2服务,SX秋季智慧学习空间7A,否,,连季续,初一,七年级,七年级,800.00,田分(441061),SXZH7B27022B,秋季上,秋季上,正常,2026-09-06,2026-09-06,已审核,"走读,在线","常规面授,在线录播",在线录播,智慧学习机,24,2026-08-04,周日08:30-10:30,"有教材,开课前领取",2026-09-27,7,学习机托管(智慧),大润发310教室,大润发310教室,班级刷卡,20人,学习机托管,大润发教学区,2026-09-27,8,12,初一数学
"智慧学习部",数学,数学,数学,SXZH7B27022B,SX秋季智慧学习空间7A,学习机托管七年级数学秋季下A2服务,通用,12,12,1440,1440,120.0,"	0.00",A2,A2,A体系,A体系,学习机托管七年级数学秋季下A2服务,SX秋季智慧学习空间7A,否,,连季续,初一,七年级,七年级,2400.00,田分(441061),SXZH7B27022A,秋季下,秋季下,正常,2026-10-18,2026-10-18,已审核,"走读,在线","常规面授,在线录播",在线录播,智慧学习机,24,2026-08-04,周日08:30-10:30,"有教材,开课前领取",2027-01-03,7,学习机托管(智慧),大润发310教室,大润发310教室,班级刷卡,20人,学习机托管,大润发教学区,2027-01-03,8,12,初一数学
"素养智学部",博文妙笔,博文妙笔,博文妙笔,BW327A0725,博文口才 3（暑）,博文妙笔L3暑假B1班,通用,10,10,1100,1100,110.0,"	0.00",L3,L3,常规体系,常规体系,博文妙笔L3暑假B1班,三年级博文妙笔暑假L3班,否,,连季续,三年级,三年级,三年级,2000.00,宋宇晖(361477),,暑假,暑假,正常,2026-08-18,2026-08-18,已审核,走读,常规面授,常规面授,,18,2026-08-03,每天10:40-12:30(上5休1),"有教材,开课前领取",2026-08-28,8,素养素质(智学),时光汇204教室,时光汇204教室,班级刷卡,15人,素养,时光汇教学区,2026-08-28,10,12,语商表达3
"智慧学习部",英语,英语,英语,YYZH7B2700030A,YY秋季智慧学习空间7A,学习机托管七年级英语秋季上A2服务,通用,4,4,480,480,120.0,"	0.00",A2,A2,A体系,A体系,学习机托管七年级英语秋季上A2服务,YY秋季智慧学习空间7A,否,,连季续,初一,七年级,七年级,800.00,陈晓玉(441042),YYZH7B2700030B,秋季上,秋季上,正常,2026-09-06,2026-09-06,已审核,"走读,在线","常规面授,在线录播",在线录播,智慧学习机,24,2026-08-03,周日16:00-18:00,"有教材,开课前领取",2026-09-27,21,学习机托管(智慧),晚报大厦207教室,晚报大厦207教室,班级刷卡,20人,学习机托管,晚报大厦教学区,2026-09-27,8,12,初一英语
"智慧学习部",数学,数学,数学,SXZH7B2700046A,SX秋季智慧学习空间7A,学习机托管七年级数学秋季上A2服务,通用,4,4,480,480,120.0,"	0.00",A2,A2,A体系,A体系,学习机托管七年级数学秋季上A2服务,SX秋季智慧学习空间7A,否,,连季续,初一,七年级,七年级,800.00,王哲禹(201112),SXZH7B2700046B,秋季上,秋季上,正常,2026-09-06,2026-09-06,已审核,"走读,在线","常规面授,在线录播",在线录播,智慧学习机,24,2026-08-03,周日13:50-15:50,"有教材,开课前领取",2026-09-27,17,学习机托管(智慧),大润发304教室,大润发304教室,班级刷卡,20人,学习机托管,大润发教学区,2026-09-27,8,12,初一数学
"智慧学习部",数学,数学,数学,SXZH7B2700046B,SX秋季智慧学习空间7A,学习机托管七年级数学秋季下A2服务,通用,12,12,1440,1440,120.0,"	0.00",A2,A2,A体系,A体系,学习机托管七年级数学秋季下A2服务,SX秋季智慧学习空间7A,否,,连季续,初一,七年级,七年级,2400.00,王哲禹(201112),SXZH7B2700046A,秋季下,秋季下,正常,2026-10-18,2026-10-18,已审核,"走读,在线","常规面授,在线录播",在线录播,智慧学习机,24,2026-08-03,周日13:50-15:50,"有教材,开课前领取",2027-01-03,17,学习机托管(智慧),大润发304教室,大润发304教室,班级刷卡,20人,学习机托管,大润发教学区,2027-01-03,8,12,初一数学
"智慧学习部",英语,英语,英语,YYZH7B2700030B,YY秋季智慧学习空间7A,学习机托管七年级英语秋季下A2服务,通用,12,12,1440,1440,120.0,"	0.00",A2,A2,A体系,A体系,学习机托管七年级英语秋季下A2服务,YY秋季智慧学习空间7A,否,,连季续,初一,七年级,七年级,2400.00,陈晓玉(441042),YYZH7B2700030A,秋季下,秋季下,正常,2026-10-18,2026-10-18,已审核,"走读,在线","常规面授,在线录播",在线录播,智慧学习机,24,2026-08-03,周日16:00-18:00,"有教材,开课前领取",2027-01-03,21,学习机托管(智慧),晚报大厦207教室,晚报大厦207教室,班级刷卡,20人,学习机托管,晚报大厦教学区,2027-01-03,8,12,初一英语
